cell,row,column,crate,slot,chan,bin,txfiber,txch,rxrocid,rxfiber,rxch
0,0,0,SBS_ECALVTP1_ROCID,3,0,0,-1,-1,None,-1,-1
1,0,1,SBS_ECALVTP1_ROCID,3,1,0,-1,-1,None,-1,-1
2,0,2,SBS_ECALVTP1_ROCID,3,2,0,-1,-1,None,-1,-1
3,0,3,SBS_ECALVTP1_ROCID,3,3,1,-1,-1,None,-1,-1
4,0,4,SBS_ECALVTP1_ROCID,3,4,1,-1,-1,None,-1,-1
5,0,5,SBS_ECALVTP1_ROCID,3,5,1,-1,-1,None,-1,-1
6,0,6,SBS_ECALVTP1_ROCID,3,6,2,-1,-1,None,-1,-1
7,0,7,SBS_ECALVTP1_ROCID,3,7,2,-1,-1,None,-1,-1
8,0,8,SBS_ECALVTP1_ROCID,3,8,2,-1,-1,None,-1,-1
9,0,9,SBS_ECALVTP1_ROCID,3,9,3,-1,-1,None,-1,-1
10,0,10,SBS_ECALVTP1_ROCID,3,10,3,-1,-1,None,-1,-1
11,0,11,SBS_ECALVTP1_ROCID,3,11,3,-1,-1,None,-1,-1
12,1,0,SBS_ECALVTP1_ROCID,3,12,0,-1,-1,None,-1,-1
13,1,1,SBS_ECALVTP1_ROCID,3,13,0,-1,-1,None,-1,-1
14,1,2,SBS_ECALVTP1_ROCID,3,14,0,-1,-1,None,-1,-1
15,1,3,SBS_ECALVTP1_ROCID,3,15,1,-1,-1,None,-1,-1
16,1,4,SBS_ECALVTP1_ROCID,4,0,1,-1,-1,None,-1,-1
17,1,5,SBS_ECALVTP1_ROCID,4,1,1,-1,-1,None,-1,-1
18,1,6,SBS_ECALVTP1_ROCID,4,2,2,-1,-1,None,-1,-1
19,1,7,SBS_ECALVTP1_ROCID,4,3,2,-1,-1,None,-1,-1
20,1,8,SBS_ECALVTP1_ROCID,4,4,2,-1,-1,None,-1,-1
21,1,9,SBS_ECALVTP1_ROCID,4,5,3,-1,-1,None,-1,-1
22,1,10,SBS_ECALVTP1_ROCID,4,6,3,-1,-1,None,-1,-1
23,1,11,SBS_ECALVTP1_ROCID,4,7,3,-1,-1,None,-1,-1
24,2,0,SBS_ECALVTP1_ROCID,4,8,0,-1,-1,None,-1,-1
25,2,1,SBS_ECALVTP1_ROCID,4,9,0,-1,-1,None,-1,-1
26,2,2,SBS_ECALVTP1_ROCID,4,10,0,-1,-1,None,-1,-1
27,2,3,SBS_ECALVTP1_ROCID,4,11,1,-1,-1,None,-1,-1
28,2,4,SBS_ECALVTP1_ROCID,4,12,1,-1,-1,None,-1,-1
29,2,5,SBS_ECALVTP1_ROCID,4,13,1,-1,-1,None,-1,-1
30,2,6,SBS_ECALVTP1_ROCID,4,14,2,-1,-1,None,-1,-1
31,2,7,SBS_ECALVTP1_ROCID,4,15,2,-1,-1,None,-1,-1
32,2,8,SBS_ECALVTP1_ROCID,5,0,2,-1,-1,None,-1,-1
33,2,9,SBS_ECALVTP1_ROCID,5,1,3,-1,-1,None,-1,-1
34,2,10,SBS_ECALVTP1_ROCID,5,2,3,-1,-1,None,-1,-1
35,2,11,SBS_ECALVTP1_ROCID,5,3,3,-1,-1,None,-1,-1
36,3,1,SBS_ECALVTP1_ROCID,5,4,4,-1,-1,None,-1,-1
37,3,2,SBS_ECALVTP1_ROCID,5,5,4,-1,-1,None,-1,-1
38,3,3,SBS_ECALVTP1_ROCID,5,6,5,-1,-1,None,-1,-1
39,3,4,SBS_ECALVTP1_ROCID,5,7,5,-1,-1,None,-1,-1
40,3,5,SBS_ECALVTP1_ROCID,5,8,5,-1,-1,None,-1,-1
41,3,6,SBS_ECALVTP1_ROCID,5,9,6,-1,-1,None,-1,-1
42,3,7,SBS_ECALVTP1_ROCID,5,10,6,-1,-1,None,-1,-1
43,3,8,SBS_ECALVTP1_ROCID,5,11,6,-1,-1,None,-1,-1
44,3,9,SBS_ECALVTP1_ROCID,5,12,7,-1,-1,None,-1,-1
45,3,10,SBS_ECALVTP1_ROCID,5,13,7,-1,-1,None,-1,-1
46,3,11,SBS_ECALVTP1_ROCID,5,14,7,-1,-1,None,-1,-1
47,3,12,SBS_ECALVTP1_ROCID,5,15,8,-1,-1,None,-1,-1
48,3,13,SBS_ECALVTP1_ROCID,6,0,8,-1,-1,None,-1,-1
49,3,14,SBS_ECALVTP1_ROCID,6,1,8,-1,-1,None,-1,-1
50,3,15,SBS_ECALVTP1_ROCID,6,2,9,-1,-1,None,-1,-1
51,3,16,SBS_ECALVTP1_ROCID,6,3,9,-1,-1,None,-1,-1
52,3,17,SBS_ECALVTP1_ROCID,6,4,9,-1,-1,None,-1,-1
53,3,18,SBS_ECALVTP1_ROCID,6,5,10,-1,-1,None,-1,-1
54,4,1,SBS_ECALVTP1_ROCID,6,6,4,-1,-1,None,-1,-1
55,4,2,SBS_ECALVTP1_ROCID,6,7,4,-1,-1,None,-1,-1
56,4,3,SBS_ECALVTP1_ROCID,6,8,5,-1,-1,None,-1,-1
57,4,4,SBS_ECALVTP1_ROCID,6,9,5,-1,-1,None,-1,-1
58,4,5,SBS_ECALVTP1_ROCID,6,10,5,-1,-1,None,-1,-1
59,4,6,SBS_ECALVTP1_ROCID,6,11,6,-1,-1,None,-1,-1
60,4,7,SBS_ECALVTP1_ROCID,6,12,6,-1,-1,None,-1,-1
61,4,8,SBS_ECALVTP1_ROCID,6,13,6,-1,-1,None,-1,-1
62,4,9,SBS_ECALVTP1_ROCID,6,14,7,-1,-1,None,-1,-1
63,4,10,SBS_ECALVTP1_ROCID,6,15,7,-1,-1,None,-1,-1
64,4,11,SBS_ECALVTP1_ROCID,7,0,7,-1,-1,None,-1,-1
65,4,12,SBS_ECALVTP1_ROCID,7,1,8,-1,-1,None,-1,-1
66,4,13,SBS_ECALVTP1_ROCID,7,2,8,-1,-1,None,-1,-1
67,4,14,SBS_ECALVTP1_ROCID,7,3,8,-1,-1,None,-1,-1
68,4,15,SBS_ECALVTP1_ROCID,7,4,9,-1,-1,None,-1,-1
69,4,16,SBS_ECALVTP1_ROCID,7,5,9,-1,-1,None,-1,-1
70,4,17,SBS_ECALVTP1_ROCID,7,6,9,-1,-1,None,-1,-1
71,4,18,SBS_ECALVTP1_ROCID,7,7,10,-1,-1,None,-1,-1
72,5,1,SBS_ECALVTP1_ROCID,7,8,4,-1,-1,None,-1,-1
73,5,2,SBS_ECALVTP1_ROCID,7,9,4,-1,-1,None,-1,-1
74,5,3,SBS_ECALVTP1_ROCID,7,10,5,-1,-1,None,-1,-1
75,5,4,SBS_ECALVTP1_ROCID,7,11,5,-1,-1,None,-1,-1
76,5,5,SBS_ECALVTP1_ROCID,7,12,5,-1,-1,None,-1,-1
77,5,6,SBS_ECALVTP1_ROCID,7,13,6,-1,-1,None,-1,-1
78,5,7,SBS_ECALVTP1_ROCID,7,14,6,-1,-1,None,-1,-1
79,5,8,SBS_ECALVTP1_ROCID,7,15,6,-1,-1,None,-1,-1
80,5,9,SBS_ECALVTP1_ROCID,8,0,7,-1,-1,None,-1,-1
81,5,10,SBS_ECALVTP1_ROCID,8,1,7,-1,-1,None,-1,-1
82,5,11,SBS_ECALVTP1_ROCID,8,2,7,-1,-1,None,-1,-1
83,5,12,SBS_ECALVTP1_ROCID,8,3,8,-1,-1,None,-1,-1
84,5,13,SBS_ECALVTP1_ROCID,8,4,8,-1,-1,None,-1,-1
85,5,14,SBS_ECALVTP1_ROCID,8,5,8,-1,-1,None,-1,-1
86,5,15,SBS_ECALVTP1_ROCID,8,6,9,-1,-1,None,-1,-1
87,5,16,SBS_ECALVTP1_ROCID,8,7,9,-1,-1,None,-1,-1
88,5,17,SBS_ECALVTP1_ROCID,8,8,9,-1,-1,None,-1,-1
89,5,18,SBS_ECALVTP1_ROCID,8,9,10,-1,-1,None,-1,-1
90,6,0,SBS_ECALVTP1_ROCID,8,10,11,-1,-1,None,-1,-1
91,6,1,SBS_ECALVTP1_ROCID,8,11,11,-1,-1,None,-1,-1
92,6,2,SBS_ECALVTP1_ROCID,8,12,11,-1,-1,None,-1,-1
93,6,3,SBS_ECALVTP1_ROCID,8,13,12,-1,-1,None,-1,-1
94,6,4,SBS_ECALVTP1_ROCID,8,14,12,-1,-1,None,-1,-1
95,6,5,SBS_ECALVTP1_ROCID,8,15,12,-1,-1,None,-1,-1
96,6,6,SBS_ECALVTP1_ROCID,9,0,13,-1,-1,None,-1,-1
97,6,7,SBS_ECALVTP1_ROCID,9,1,13,-1,-1,None,-1,-1
98,6,8,SBS_ECALVTP1_ROCID,9,2,13,-1,-1,None,-1,-1
99,6,9,SBS_ECALVTP1_ROCID,9,3,14,-1,-1,None,-1,-1
100,6,10,SBS_ECALVTP1_ROCID,9,4,14,-1,-1,None,-1,-1
101,6,11,SBS_ECALVTP1_ROCID,9,5,14,-1,-1,None,-1,-1
102,6,12,SBS_ECALVTP1_ROCID,9,6,15,-1,-1,None,-1,-1
103,6,13,SBS_ECALVTP1_ROCID,9,7,15,-1,-1,None,-1,-1
104,6,14,SBS_ECALVTP1_ROCID,9,8,15,-1,-1,None,-1,-1
105,6,15,SBS_ECALVTP1_ROCID,9,9,16,-1,-1,None,-1,-1
106,6,16,SBS_ECALVTP1_ROCID,9,10,16,-1,-1,None,-1,-1
107,6,17,SBS_ECALVTP1_ROCID,9,11,16,-1,-1,None,-1,-1
108,6,18,SBS_ECALVTP1_ROCID,9,12,17,-1,-1,None,-1,-1
109,6,19,SBS_ECALVTP1_ROCID,9,13,17,-1,-1,None,-1,-1
110,6,20,SBS_ECALVTP1_ROCID,9,14,17,-1,-1,None,-1,-1
111,7,0,SBS_ECALVTP1_ROCID,9,15,11,-1,-1,None,-1,-1
112,7,1,SBS_ECALVTP1_ROCID,10,0,11,-1,-1,None,-1,-1
113,7,2,SBS_ECALVTP1_ROCID,10,1,11,-1,-1,None,-1,-1
114,7,3,SBS_ECALVTP1_ROCID,10,2,12,-1,-1,None,-1,-1
115,7,4,SBS_ECALVTP1_ROCID,10,3,12,-1,-1,None,-1,-1
116,7,5,SBS_ECALVTP1_ROCID,10,4,12,-1,-1,None,-1,-1
117,7,6,SBS_ECALVTP1_ROCID,10,5,13,-1,-1,None,-1,-1
118,7,7,SBS_ECALVTP1_ROCID,10,6,13,-1,-1,None,-1,-1
119,7,8,SBS_ECALVTP1_ROCID,10,7,13,-1,-1,None,-1,-1
120,7,9,SBS_ECALVTP1_ROCID,10,8,14,-1,-1,None,-1,-1
121,7,10,SBS_ECALVTP1_ROCID,10,9,14,-1,-1,None,-1,-1
122,7,11,SBS_ECALVTP1_ROCID,10,10,14,-1,-1,None,-1,-1
123,7,12,SBS_ECALVTP1_ROCID,10,11,15,-1,-1,None,-1,-1
124,7,13,SBS_ECALVTP1_ROCID,10,12,15,-1,-1,None,-1,-1
125,7,14,SBS_ECALVTP1_ROCID,10,13,15,-1,-1,None,-1,-1
126,7,15,SBS_ECALVTP1_ROCID,10,14,16,-1,-1,None,-1,-1
127,7,16,SBS_ECALVTP1_ROCID,10,15,16,-1,-1,None,-1,-1
128,7,17,SBS_ECALVTP1_ROCID,13,0,16,-1,-1,None,-1,-1
129,7,18,SBS_ECALVTP1_ROCID,13,1,17,-1,-1,None,-1,-1
130,7,19,SBS_ECALVTP1_ROCID,13,2,17,-1,-1,None,-1,-1
131,7,20,SBS_ECALVTP1_ROCID,13,3,17,-1,-1,None,-1,-1
132,8,0,SBS_ECALVTP1_ROCID,13,4,11,-1,-1,None,-1,-1
133,8,1,SBS_ECALVTP1_ROCID,13,5,11,-1,-1,None,-1,-1
134,8,2,SBS_ECALVTP1_ROCID,13,6,11,-1,-1,None,-1,-1
135,8,3,SBS_ECALVTP1_ROCID,13,7,12,-1,-1,None,-1,-1
136,8,4,SBS_ECALVTP1_ROCID,13,8,12,-1,-1,None,-1,-1
137,8,5,SBS_ECALVTP1_ROCID,13,9,12,-1,-1,None,-1,-1
138,8,6,SBS_ECALVTP1_ROCID,13,10,13,-1,-1,None,-1,-1
139,8,7,SBS_ECALVTP1_ROCID,13,11,13,-1,-1,None,-1,-1
140,8,8,SBS_ECALVTP1_ROCID,13,12,13,-1,-1,None,-1,-1
141,8,9,SBS_ECALVTP1_ROCID,13,13,14,-1,-1,None,-1,-1
142,8,10,SBS_ECALVTP1_ROCID,13,14,14,-1,-1,None,-1,-1
143,8,11,SBS_ECALVTP1_ROCID,13,15,14,-1,-1,None,-1,-1
144,8,12,SBS_ECALVTP1_ROCID,14,0,15,-1,-1,None,-1,-1
145,8,13,SBS_ECALVTP1_ROCID,14,1,15,-1,-1,None,-1,-1
146,8,14,SBS_ECALVTP1_ROCID,14,2,15,-1,-1,None,-1,-1
147,8,15,SBS_ECALVTP1_ROCID,14,3,16,-1,-1,None,-1,-1
148,8,16,SBS_ECALVTP1_ROCID,14,4,16,-1,-1,None,-1,-1
149,8,17,SBS_ECALVTP1_ROCID,14,5,16,-1,-1,None,-1,-1
150,8,18,SBS_ECALVTP1_ROCID,14,6,17,-1,-1,None,-1,-1
151,8,19,SBS_ECALVTP1_ROCID,14,7,17,-1,-1,None,-1,-1
152,8,20,SBS_ECALVTP1_ROCID,14,8,17,-1,-1,None,-1,-1
153,9,1,SBS_ECALVTP1_ROCID,14,9,18,-1,-1,None,-1,-1
154,9,2,SBS_ECALVTP1_ROCID,14,10,18,-1,-1,None,-1,-1
155,9,3,SBS_ECALVTP1_ROCID,14,11,19,-1,-1,None,-1,-1
156,9,4,SBS_ECALVTP1_ROCID,14,12,19,-1,-1,None,-1,-1
157,9,5,SBS_ECALVTP1_ROCID,14,13,19,-1,-1,None,-1,-1
158,9,6,SBS_ECALVTP1_ROCID,14,14,20,-1,-1,None,-1,-1
159,9,7,SBS_ECALVTP1_ROCID,14,15,20,-1,-1,None,-1,-1
160,9,8,SBS_ECALVTP1_ROCID,15,0,20,-1,-1,None,-1,-1
161,9,9,SBS_ECALVTP1_ROCID,15,1,21,-1,-1,None,-1,-1
162,9,10,SBS_ECALVTP1_ROCID,15,2,21,-1,-1,None,-1,-1
163,9,11,SBS_ECALVTP1_ROCID,15,3,21,-1,-1,None,-1,-1
164,9,12,SBS_ECALVTP1_ROCID,15,4,22,-1,-1,None,-1,-1
165,9,13,SBS_ECALVTP1_ROCID,15,5,22,-1,-1,None,-1,-1
166,9,14,SBS_ECALVTP1_ROCID,15,6,22,-1,-1,None,-1,-1
167,9,15,SBS_ECALVTP1_ROCID,15,7,23,-1,-1,None,-1,-1
168,9,16,SBS_ECALVTP1_ROCID,15,8,23,-1,-1,None,-1,-1
169,9,17,SBS_ECALVTP1_ROCID,15,9,23,-1,-1,None,-1,-1
170,9,18,SBS_ECALVTP1_ROCID,15,10,24,-1,-1,None,-1,-1
171,9,19,SBS_ECALVTP1_ROCID,15,11,24,-1,-1,None,-1,-1
172,9,20,SBS_ECALVTP1_ROCID,15,12,24,-1,-1,None,-1,-1
173,9,21,SBS_ECALVTP1_ROCID,15,13,25,-1,-1,None,-1,-1
174,10,1,SBS_ECALVTP1_ROCID,15,14,18,3,0,SBS_ECALVTP2_ROCID,1,0
175,10,2,SBS_ECALVTP1_ROCID,15,15,18,3,1,SBS_ECALVTP2_ROCID,1,1
176,10,3,SBS_ECALVTP1_ROCID,16,0,19,3,2,SBS_ECALVTP2_ROCID,1,2
177,10,4,SBS_ECALVTP1_ROCID,16,1,19,3,3,SBS_ECALVTP2_ROCID,1,3
178,10,5,SBS_ECALVTP1_ROCID,16,2,19,3,4,SBS_ECALVTP2_ROCID,1,4
179,10,6,SBS_ECALVTP1_ROCID,16,3,20,3,5,SBS_ECALVTP2_ROCID,1,5
180,10,7,SBS_ECALVTP1_ROCID,16,4,20,3,6,SBS_ECALVTP2_ROCID,1,6
181,10,8,SBS_ECALVTP1_ROCID,16,5,20,3,7,SBS_ECALVTP2_ROCID,1,7
182,10,9,SBS_ECALVTP1_ROCID,16,6,21,3,8,SBS_ECALVTP2_ROCID,1,8
183,10,10,SBS_ECALVTP1_ROCID,16,7,21,3,9,SBS_ECALVTP2_ROCID,1,9
184,10,11,SBS_ECALVTP1_ROCID,16,8,21,3,10,SBS_ECALVTP2_ROCID,1,10
185,10,12,SBS_ECALVTP1_ROCID,16,9,22,3,11,SBS_ECALVTP2_ROCID,1,11
186,10,13,SBS_ECALVTP1_ROCID,16,10,22,3,12,SBS_ECALVTP2_ROCID,1,12
187,10,14,SBS_ECALVTP1_ROCID,16,11,22,3,13,SBS_ECALVTP2_ROCID,1,13
188,10,15,SBS_ECALVTP1_ROCID,16,12,23,3,14,SBS_ECALVTP2_ROCID,1,14
189,10,16,SBS_ECALVTP1_ROCID,16,13,23,3,15,SBS_ECALVTP2_ROCID,1,15
190,10,17,SBS_ECALVTP1_ROCID,16,14,23,3,16,SBS_ECALVTP2_ROCID,1,16
191,10,18,SBS_ECALVTP1_ROCID,16,15,24,3,17,SBS_ECALVTP2_ROCID,1,17
192,10,19,SBS_ECALVTP1_ROCID,17,0,24,3,18,SBS_ECALVTP2_ROCID,1,18
193,10,20,SBS_ECALVTP1_ROCID,17,1,24,3,19,SBS_ECALVTP2_ROCID,1,19
194,10,21,SBS_ECALVTP1_ROCID,17,2,25,3,20,SBS_ECALVTP2_ROCID,1,20
195,11,1,SBS_ECALVTP1_ROCID,17,3,18,3,21,SBS_ECALVTP2_ROCID,1,21
196,11,2,SBS_ECALVTP1_ROCID,17,4,18,3,22,SBS_ECALVTP2_ROCID,1,22
197,11,3,SBS_ECALVTP1_ROCID,17,5,19,3,23,SBS_ECALVTP2_ROCID,1,23
198,11,4,SBS_ECALVTP1_ROCID,17,6,19,3,24,SBS_ECALVTP2_ROCID,1,24
199,11,5,SBS_ECALVTP1_ROCID,17,7,19,3,25,SBS_ECALVTP2_ROCID,1,25
200,11,6,SBS_ECALVTP1_ROCID,17,8,20,3,26,SBS_ECALVTP2_ROCID,1,26
201,11,7,SBS_ECALVTP1_ROCID,17,9,20,3,27,SBS_ECALVTP2_ROCID,1,27
202,11,8,SBS_ECALVTP1_ROCID,17,10,20,3,28,SBS_ECALVTP2_ROCID,1,28
203,11,9,SBS_ECALVTP1_ROCID,17,11,21,3,29,SBS_ECALVTP2_ROCID,1,29
204,11,10,SBS_ECALVTP1_ROCID,17,12,21,3,30,SBS_ECALVTP2_ROCID,1,30
205,11,11,SBS_ECALVTP1_ROCID,17,13,21,3,31,SBS_ECALVTP2_ROCID,1,31
206,11,12,SBS_ECALVTP1_ROCID,17,14,22,4,0,SBS_ECALVTP2_ROCID,2,0
207,11,13,SBS_ECALVTP1_ROCID,17,15,22,4,1,SBS_ECALVTP2_ROCID,2,1
208,11,14,SBS_ECALVTP1_ROCID,18,0,22,4,2,SBS_ECALVTP2_ROCID,2,2
209,11,15,SBS_ECALVTP1_ROCID,18,1,23,4,3,SBS_ECALVTP2_ROCID,2,3
210,11,16,SBS_ECALVTP1_ROCID,18,2,23,4,4,SBS_ECALVTP2_ROCID,2,4
211,11,17,SBS_ECALVTP1_ROCID,18,3,23,4,5,SBS_ECALVTP2_ROCID,2,5
212,11,18,SBS_ECALVTP1_ROCID,18,4,24,4,6,SBS_ECALVTP2_ROCID,2,6
213,11,19,SBS_ECALVTP1_ROCID,18,5,24,4,7,SBS_ECALVTP2_ROCID,2,7
214,11,20,SBS_ECALVTP1_ROCID,18,6,24,4,8,SBS_ECALVTP2_ROCID,2,8
215,11,21,SBS_ECALVTP1_ROCID,18,7,25,4,9,SBS_ECALVTP2_ROCID,2,9
216,12,0,SBS_ECALVTP2_ROCID,3,0,0,1,0,SBS_ECALVTP1_ROCID,3,0
217,12,1,SBS_ECALVTP2_ROCID,3,1,0,1,1,SBS_ECALVTP1_ROCID,3,1
218,12,2,SBS_ECALVTP2_ROCID,3,2,0,1,2,SBS_ECALVTP1_ROCID,3,2
219,12,3,SBS_ECALVTP2_ROCID,3,3,1,1,3,SBS_ECALVTP1_ROCID,3,3
220,12,4,SBS_ECALVTP2_ROCID,3,4,1,1,4,SBS_ECALVTP1_ROCID,3,4
221,12,5,SBS_ECALVTP2_ROCID,3,5,1,1,5,SBS_ECALVTP1_ROCID,3,5
222,12,6,SBS_ECALVTP2_ROCID,3,6,2,1,6,SBS_ECALVTP1_ROCID,3,6
223,12,7,SBS_ECALVTP2_ROCID,3,7,2,1,7,SBS_ECALVTP1_ROCID,3,7
224,12,8,SBS_ECALVTP2_ROCID,3,8,2,1,8,SBS_ECALVTP1_ROCID,3,8
225,12,9,SBS_ECALVTP2_ROCID,3,9,3,1,9,SBS_ECALVTP1_ROCID,3,9
226,12,10,SBS_ECALVTP2_ROCID,3,10,3,1,10,SBS_ECALVTP1_ROCID,3,10
227,12,11,SBS_ECALVTP2_ROCID,3,11,3,1,11,SBS_ECALVTP1_ROCID,3,11
228,12,12,SBS_ECALVTP2_ROCID,3,12,4,1,12,SBS_ECALVTP1_ROCID,3,12
229,12,13,SBS_ECALVTP2_ROCID,3,13,4,1,13,SBS_ECALVTP1_ROCID,3,13
230,12,14,SBS_ECALVTP2_ROCID,3,14,4,1,14,SBS_ECALVTP1_ROCID,3,14
231,12,15,SBS_ECALVTP2_ROCID,3,15,5,1,15,SBS_ECALVTP1_ROCID,3,15
232,12,16,SBS_ECALVTP2_ROCID,4,0,5,1,16,SBS_ECALVTP1_ROCID,3,16
233,12,17,SBS_ECALVTP2_ROCID,4,1,5,1,17,SBS_ECALVTP1_ROCID,3,17
234,12,18,SBS_ECALVTP2_ROCID,4,2,6,1,18,SBS_ECALVTP1_ROCID,3,18
235,12,19,SBS_ECALVTP2_ROCID,4,3,6,1,19,SBS_ECALVTP1_ROCID,3,19
236,12,20,SBS_ECALVTP2_ROCID,4,4,6,1,20,SBS_ECALVTP1_ROCID,3,20
237,12,21,SBS_ECALVTP2_ROCID,4,5,7,1,21,SBS_ECALVTP1_ROCID,3,21
238,12,22,SBS_ECALVTP2_ROCID,4,6,7,1,22,SBS_ECALVTP1_ROCID,3,22
239,12,23,SBS_ECALVTP2_ROCID,4,7,7,1,23,SBS_ECALVTP1_ROCID,3,23
240,13,0,SBS_ECALVTP2_ROCID,4,8,0,1,24,SBS_ECALVTP1_ROCID,3,24
241,13,1,SBS_ECALVTP2_ROCID,4,9,0,1,25,SBS_ECALVTP1_ROCID,3,25
242,13,2,SBS_ECALVTP2_ROCID,4,10,0,1,26,SBS_ECALVTP1_ROCID,3,26
243,13,3,SBS_ECALVTP2_ROCID,4,11,1,1,27,SBS_ECALVTP1_ROCID,3,27
244,13,4,SBS_ECALVTP2_ROCID,4,12,1,1,28,SBS_ECALVTP1_ROCID,3,28
245,13,5,SBS_ECALVTP2_ROCID,4,13,1,1,29,SBS_ECALVTP1_ROCID,3,29
246,13,6,SBS_ECALVTP2_ROCID,4,14,2,1,30,SBS_ECALVTP1_ROCID,3,30
247,13,7,SBS_ECALVTP2_ROCID,4,15,2,1,31,SBS_ECALVTP1_ROCID,3,31
248,13,8,SBS_ECALVTP2_ROCID,5,0,2,2,0,SBS_ECALVTP1_ROCID,4,0
249,13,9,SBS_ECALVTP2_ROCID,5,1,3,2,1,SBS_ECALVTP1_ROCID,4,1
250,13,10,SBS_ECALVTP2_ROCID,5,2,3,2,2,SBS_ECALVTP1_ROCID,4,2
251,13,11,SBS_ECALVTP2_ROCID,5,3,3,2,3,SBS_ECALVTP1_ROCID,4,3
252,13,12,SBS_ECALVTP2_ROCID,5,4,4,2,4,SBS_ECALVTP1_ROCID,4,4
253,13,13,SBS_ECALVTP2_ROCID,5,5,4,2,5,SBS_ECALVTP1_ROCID,4,5
254,13,14,SBS_ECALVTP2_ROCID,5,6,4,2,6,SBS_ECALVTP1_ROCID,4,6
255,13,15,SBS_ECALVTP2_ROCID,5,7,5,2,7,SBS_ECALVTP1_ROCID,4,7
256,13,16,SBS_ECALVTP2_ROCID,5,8,5,2,8,SBS_ECALVTP1_ROCID,4,8
257,13,17,SBS_ECALVTP2_ROCID,5,9,5,2,9,SBS_ECALVTP1_ROCID,4,9
258,13,18,SBS_ECALVTP2_ROCID,5,10,6,2,10,SBS_ECALVTP1_ROCID,4,10
259,13,19,SBS_ECALVTP2_ROCID,5,11,6,2,11,SBS_ECALVTP1_ROCID,4,11
260,13,20,SBS_ECALVTP2_ROCID,5,12,6,2,12,SBS_ECALVTP1_ROCID,4,12
261,13,21,SBS_ECALVTP2_ROCID,5,13,7,2,13,SBS_ECALVTP1_ROCID,4,13
262,13,22,SBS_ECALVTP2_ROCID,5,14,7,2,14,SBS_ECALVTP1_ROCID,4,14
263,13,23,SBS_ECALVTP2_ROCID,5,15,7,2,15,SBS_ECALVTP1_ROCID,4,15
264,14,0,SBS_ECALVTP2_ROCID,6,0,0,-1,-1,None,-1,-1
265,14,1,SBS_ECALVTP2_ROCID,6,1,0,-1,-1,None,-1,-1
266,14,2,SBS_ECALVTP2_ROCID,6,2,0,-1,-1,None,-1,-1
267,14,3,SBS_ECALVTP2_ROCID,6,3,1,-1,-1,None,-1,-1
268,14,4,SBS_ECALVTP2_ROCID,6,4,1,-1,-1,None,-1,-1
269,14,5,SBS_ECALVTP2_ROCID,6,5,1,-1,-1,None,-1,-1
270,14,6,SBS_ECALVTP2_ROCID,6,6,2,-1,-1,None,-1,-1
271,14,7,SBS_ECALVTP2_ROCID,6,7,2,-1,-1,None,-1,-1
272,14,8,SBS_ECALVTP2_ROCID,6,8,2,-1,-1,None,-1,-1
273,14,9,SBS_ECALVTP2_ROCID,6,9,3,-1,-1,None,-1,-1
274,14,10,SBS_ECALVTP2_ROCID,6,10,3,-1,-1,None,-1,-1
275,14,11,SBS_ECALVTP2_ROCID,6,11,3,-1,-1,None,-1,-1
276,14,12,SBS_ECALVTP2_ROCID,6,12,4,-1,-1,None,-1,-1
277,14,13,SBS_ECALVTP2_ROCID,6,13,4,-1,-1,None,-1,-1
278,14,14,SBS_ECALVTP2_ROCID,6,14,4,-1,-1,None,-1,-1
279,14,15,SBS_ECALVTP2_ROCID,6,15,5,-1,-1,None,-1,-1
280,14,16,SBS_ECALVTP2_ROCID,7,0,5,-1,-1,None,-1,-1
281,14,17,SBS_ECALVTP2_ROCID,7,1,5,-1,-1,None,-1,-1
282,14,18,SBS_ECALVTP2_ROCID,7,2,6,-1,-1,None,-1,-1
283,14,19,SBS_ECALVTP2_ROCID,7,3,6,-1,-1,None,-1,-1
284,14,20,SBS_ECALVTP2_ROCID,7,4,6,-1,-1,None,-1,-1
285,14,21,SBS_ECALVTP2_ROCID,7,5,7,-1,-1,None,-1,-1
286,14,22,SBS_ECALVTP2_ROCID,7,6,7,-1,-1,None,-1,-1
287,14,23,SBS_ECALVTP2_ROCID,7,7,7,-1,-1,None,-1,-1
288,15,2,SBS_ECALVTP2_ROCID,7,8,8,-1,-1,None,-1,-1
289,15,3,SBS_ECALVTP2_ROCID,7,9,9,-1,-1,None,-1,-1
290,15,4,SBS_ECALVTP2_ROCID,7,10,9,-1,-1,None,-1,-1
291,15,5,SBS_ECALVTP2_ROCID,7,11,9,-1,-1,None,-1,-1
292,15,6,SBS_ECALVTP2_ROCID,7,12,10,-1,-1,None,-1,-1
293,15,7,SBS_ECALVTP2_ROCID,7,13,10,-1,-1,None,-1,-1
294,15,8,SBS_ECALVTP2_ROCID,7,14,10,-1,-1,None,-1,-1
295,15,9,SBS_ECALVTP2_ROCID,7,15,11,-1,-1,None,-1,-1
296,15,10,SBS_ECALVTP2_ROCID,8,0,11,-1,-1,None,-1,-1
297,15,11,SBS_ECALVTP2_ROCID,8,1,11,-1,-1,None,-1,-1
298,15,12,SBS_ECALVTP2_ROCID,8,2,12,-1,-1,None,-1,-1
299,15,13,SBS_ECALVTP2_ROCID,8,3,12,-1,-1,None,-1,-1
300,15,14,SBS_ECALVTP2_ROCID,8,4,12,-1,-1,None,-1,-1
301,15,15,SBS_ECALVTP2_ROCID,8,5,13,-1,-1,None,-1,-1
302,15,16,SBS_ECALVTP2_ROCID,8,6,13,-1,-1,None,-1,-1
303,15,17,SBS_ECALVTP2_ROCID,8,7,13,-1,-1,None,-1,-1
304,15,18,SBS_ECALVTP2_ROCID,8,8,14,-1,-1,None,-1,-1
305,15,19,SBS_ECALVTP2_ROCID,8,9,14,-1,-1,None,-1,-1
306,15,20,SBS_ECALVTP2_ROCID,8,10,14,-1,-1,None,-1,-1
307,15,21,SBS_ECALVTP2_ROCID,8,11,15,-1,-1,None,-1,-1
308,15,22,SBS_ECALVTP2_ROCID,8,12,15,-1,-1,None,-1,-1
309,15,23,SBS_ECALVTP2_ROCID,8,13,15,-1,-1,None,-1,-1
310,15,24,SBS_ECALVTP2_ROCID,8,14,16,-1,-1,None,-1,-1
311,15,25,SBS_ECALVTP2_ROCID,8,15,16,-1,-1,None,-1,-1
312,16,2,SBS_ECALVTP2_ROCID,9,0,8,-1,-1,None,-1,-1
313,16,3,SBS_ECALVTP2_ROCID,9,1,9,-1,-1,None,-1,-1
314,16,4,SBS_ECALVTP2_ROCID,9,2,9,-1,-1,None,-1,-1
315,16,5,SBS_ECALVTP2_ROCID,9,3,9,-1,-1,None,-1,-1
316,16,6,SBS_ECALVTP2_ROCID,9,4,10,-1,-1,None,-1,-1
317,16,7,SBS_ECALVTP2_ROCID,9,5,10,-1,-1,None,-1,-1
318,16,8,SBS_ECALVTP2_ROCID,9,6,10,-1,-1,None,-1,-1
319,16,9,SBS_ECALVTP2_ROCID,9,7,11,-1,-1,None,-1,-1
320,16,10,SBS_ECALVTP2_ROCID,9,8,11,-1,-1,None,-1,-1
321,16,11,SBS_ECALVTP2_ROCID,9,9,11,-1,-1,None,-1,-1
322,16,12,SBS_ECALVTP2_ROCID,9,10,12,-1,-1,None,-1,-1
323,16,13,SBS_ECALVTP2_ROCID,9,11,12,-1,-1,None,-1,-1
324,16,14,SBS_ECALVTP2_ROCID,9,12,12,-1,-1,None,-1,-1
325,16,15,SBS_ECALVTP2_ROCID,9,13,13,-1,-1,None,-1,-1
326,16,16,SBS_ECALVTP2_ROCID,9,14,13,-1,-1,None,-1,-1
327,16,17,SBS_ECALVTP2_ROCID,9,15,13,-1,-1,None,-1,-1
328,16,18,SBS_ECALVTP2_ROCID,10,0,14,-1,-1,None,-1,-1
329,16,19,SBS_ECALVTP2_ROCID,10,1,14,-1,-1,None,-1,-1
330,16,20,SBS_ECALVTP2_ROCID,10,2,14,-1,-1,None,-1,-1
331,16,21,SBS_ECALVTP2_ROCID,10,3,15,-1,-1,None,-1,-1
332,16,22,SBS_ECALVTP2_ROCID,10,4,15,-1,-1,None,-1,-1
333,16,23,SBS_ECALVTP2_ROCID,10,5,15,-1,-1,None,-1,-1
334,16,24,SBS_ECALVTP2_ROCID,10,6,16,-1,-1,None,-1,-1
335,16,25,SBS_ECALVTP2_ROCID,10,7,16,-1,-1,None,-1,-1
336,17,2,SBS_ECALVTP2_ROCID,10,8,8,-1,-1,None,-1,-1
337,17,3,SBS_ECALVTP2_ROCID,10,9,9,-1,-1,None,-1,-1
338,17,4,SBS_ECALVTP2_ROCID,10,10,9,-1,-1,None,-1,-1
339,17,5,SBS_ECALVTP2_ROCID,10,11,9,-1,-1,None,-1,-1
340,17,6,SBS_ECALVTP2_ROCID,10,12,10,-1,-1,None,-1,-1
341,17,7,SBS_ECALVTP2_ROCID,10,13,10,-1,-1,None,-1,-1
342,17,8,SBS_ECALVTP2_ROCID,10,14,10,-1,-1,None,-1,-1
343,17,9,SBS_ECALVTP2_ROCID,10,15,11,-1,-1,None,-1,-1
344,17,10,SBS_ECALVTP2_ROCID,13,0,11,-1,-1,None,-1,-1
345,17,11,SBS_ECALVTP2_ROCID,13,1,11,-1,-1,None,-1,-1
346,17,12,SBS_ECALVTP2_ROCID,13,2,12,-1,-1,None,-1,-1
347,17,13,SBS_ECALVTP2_ROCID,13,3,12,-1,-1,None,-1,-1
348,17,14,SBS_ECALVTP2_ROCID,13,4,12,-1,-1,None,-1,-1
349,17,15,SBS_ECALVTP2_ROCID,13,5,13,-1,-1,None,-1,-1
350,17,16,SBS_ECALVTP2_ROCID,13,6,13,-1,-1,None,-1,-1
351,17,17,SBS_ECALVTP2_ROCID,13,7,13,-1,-1,None,-1,-1
352,17,18,SBS_ECALVTP2_ROCID,13,8,14,-1,-1,None,-1,-1
353,17,19,SBS_ECALVTP2_ROCID,13,9,14,-1,-1,None,-1,-1
354,17,20,SBS_ECALVTP2_ROCID,13,10,14,-1,-1,None,-1,-1
355,17,21,SBS_ECALVTP2_ROCID,13,11,15,-1,-1,None,-1,-1
356,17,22,SBS_ECALVTP2_ROCID,13,12,15,-1,-1,None,-1,-1
357,17,23,SBS_ECALVTP2_ROCID,13,13,15,-1,-1,None,-1,-1
358,17,24,SBS_ECALVTP2_ROCID,13,14,16,-1,-1,None,-1,-1
359,17,25,SBS_ECALVTP2_ROCID,13,15,16,-1,-1,None,-1,-1
360,18,2,SBS_ECALVTP2_ROCID,14,0,17,-1,-1,None,-1,-1
361,18,3,SBS_ECALVTP2_ROCID,14,1,18,-1,-1,None,-1,-1
362,18,4,SBS_ECALVTP2_ROCID,14,2,18,-1,-1,None,-1,-1
363,18,5,SBS_ECALVTP2_ROCID,14,3,18,-1,-1,None,-1,-1
364,18,6,SBS_ECALVTP2_ROCID,14,4,19,-1,-1,None,-1,-1
365,18,7,SBS_ECALVTP2_ROCID,14,5,19,-1,-1,None,-1,-1
366,18,8,SBS_ECALVTP2_ROCID,14,6,19,-1,-1,None,-1,-1
367,18,9,SBS_ECALVTP2_ROCID,14,7,20,-1,-1,None,-1,-1
368,18,10,SBS_ECALVTP2_ROCID,14,8,20,-1,-1,None,-1,-1
369,18,11,SBS_ECALVTP2_ROCID,14,9,20,-1,-1,None,-1,-1
370,18,12,SBS_ECALVTP2_ROCID,14,10,21,-1,-1,None,-1,-1
371,18,13,SBS_ECALVTP2_ROCID,14,11,21,-1,-1,None,-1,-1
372,18,14,SBS_ECALVTP2_ROCID,14,12,21,-1,-1,None,-1,-1
373,18,15,SBS_ECALVTP2_ROCID,14,13,22,-1,-1,None,-1,-1
374,18,16,SBS_ECALVTP2_ROCID,14,14,22,-1,-1,None,-1,-1
375,18,17,SBS_ECALVTP2_ROCID,14,15,22,-1,-1,None,-1,-1
376,18,18,SBS_ECALVTP2_ROCID,15,0,23,-1,-1,None,-1,-1
377,18,19,SBS_ECALVTP2_ROCID,15,1,23,-1,-1,None,-1,-1
378,18,20,SBS_ECALVTP2_ROCID,15,2,23,-1,-1,None,-1,-1
379,18,21,SBS_ECALVTP2_ROCID,15,3,24,-1,-1,None,-1,-1
380,18,22,SBS_ECALVTP2_ROCID,15,4,24,-1,-1,None,-1,-1
381,18,23,SBS_ECALVTP2_ROCID,15,5,24,-1,-1,None,-1,-1
382,18,24,SBS_ECALVTP2_ROCID,15,6,25,-1,-1,None,-1,-1
383,18,25,SBS_ECALVTP2_ROCID,15,7,25,-1,-1,None,-1,-1
384,18,26,SBS_ECALVTP2_ROCID,15,8,25,-1,-1,None,-1,-1
385,18,27,SBS_ECALVTP2_ROCID,15,9,26,-1,-1,None,-1,-1
386,18,28,SBS_ECALVTP2_ROCID,15,10,26,-1,-1,None,-1,-1
387,19,2,SBS_ECALVTP2_ROCID,15,11,17,3,0,SBS_ECALVTP3_ROCID,1,0
388,19,3,SBS_ECALVTP2_ROCID,15,12,18,3,1,SBS_ECALVTP3_ROCID,1,1
389,19,4,SBS_ECALVTP2_ROCID,15,13,18,3,2,SBS_ECALVTP3_ROCID,1,2
390,19,5,SBS_ECALVTP2_ROCID,15,14,18,3,3,SBS_ECALVTP3_ROCID,1,3
391,19,6,SBS_ECALVTP2_ROCID,15,15,19,3,4,SBS_ECALVTP3_ROCID,1,4
392,19,7,SBS_ECALVTP2_ROCID,16,0,19,3,5,SBS_ECALVTP3_ROCID,1,5
393,19,8,SBS_ECALVTP2_ROCID,16,1,19,3,6,SBS_ECALVTP3_ROCID,1,6
394,19,9,SBS_ECALVTP2_ROCID,16,2,20,3,7,SBS_ECALVTP3_ROCID,1,7
395,19,10,SBS_ECALVTP2_ROCID,16,3,20,3,8,SBS_ECALVTP3_ROCID,1,8
396,19,11,SBS_ECALVTP2_ROCID,16,4,20,3,9,SBS_ECALVTP3_ROCID,1,9
397,19,12,SBS_ECALVTP2_ROCID,16,5,21,3,10,SBS_ECALVTP3_ROCID,1,10
398,19,13,SBS_ECALVTP2_ROCID,16,6,21,3,11,SBS_ECALVTP3_ROCID,1,11
399,19,14,SBS_ECALVTP2_ROCID,16,7,21,3,12,SBS_ECALVTP3_ROCID,1,12
400,19,15,SBS_ECALVTP2_ROCID,16,8,22,3,13,SBS_ECALVTP3_ROCID,1,13
401,19,16,SBS_ECALVTP2_ROCID,16,9,22,3,14,SBS_ECALVTP3_ROCID,1,14
402,19,17,SBS_ECALVTP2_ROCID,16,10,22,3,15,SBS_ECALVTP3_ROCID,1,15
403,19,18,SBS_ECALVTP2_ROCID,16,11,23,3,16,SBS_ECALVTP3_ROCID,1,16
404,19,19,SBS_ECALVTP2_ROCID,16,12,23,3,17,SBS_ECALVTP3_ROCID,1,17
405,19,20,SBS_ECALVTP2_ROCID,16,13,23,3,18,SBS_ECALVTP3_ROCID,1,18
406,19,21,SBS_ECALVTP2_ROCID,16,14,24,3,19,SBS_ECALVTP3_ROCID,1,19
407,19,22,SBS_ECALVTP2_ROCID,16,15,24,3,20,SBS_ECALVTP3_ROCID,1,20
408,19,23,SBS_ECALVTP2_ROCID,17,0,24,3,21,SBS_ECALVTP3_ROCID,1,21
409,19,24,SBS_ECALVTP2_ROCID,17,1,25,3,22,SBS_ECALVTP3_ROCID,1,22
410,19,25,SBS_ECALVTP2_ROCID,17,2,25,3,23,SBS_ECALVTP3_ROCID,1,23
411,19,26,SBS_ECALVTP2_ROCID,17,3,25,3,24,SBS_ECALVTP3_ROCID,1,24
412,19,27,SBS_ECALVTP2_ROCID,17,4,26,3,25,SBS_ECALVTP3_ROCID,1,25
413,19,28,SBS_ECALVTP2_ROCID,17,5,26,3,26,SBS_ECALVTP3_ROCID,1,26
414,20,2,SBS_ECALVTP2_ROCID,17,6,17,3,27,SBS_ECALVTP3_ROCID,1,27
415,20,3,SBS_ECALVTP2_ROCID,17,7,18,3,28,SBS_ECALVTP3_ROCID,1,28
416,20,4,SBS_ECALVTP2_ROCID,17,8,18,3,29,SBS_ECALVTP3_ROCID,1,29
417,20,5,SBS_ECALVTP2_ROCID,17,9,18,3,30,SBS_ECALVTP3_ROCID,1,30
418,20,6,SBS_ECALVTP2_ROCID,17,10,19,3,31,SBS_ECALVTP3_ROCID,1,31
419,20,7,SBS_ECALVTP2_ROCID,17,11,19,4,0,SBS_ECALVTP3_ROCID,2,0
420,20,8,SBS_ECALVTP2_ROCID,17,12,19,4,1,SBS_ECALVTP3_ROCID,2,1
421,20,9,SBS_ECALVTP2_ROCID,17,13,20,4,2,SBS_ECALVTP3_ROCID,2,2
422,20,10,SBS_ECALVTP2_ROCID,17,14,20,4,3,SBS_ECALVTP3_ROCID,2,3
423,20,11,SBS_ECALVTP2_ROCID,17,15,20,4,4,SBS_ECALVTP3_ROCID,2,4
424,20,12,SBS_ECALVTP2_ROCID,18,0,21,4,5,SBS_ECALVTP3_ROCID,2,5
425,20,13,SBS_ECALVTP2_ROCID,18,1,21,4,6,SBS_ECALVTP3_ROCID,2,6
426,20,14,SBS_ECALVTP2_ROCID,18,2,21,4,7,SBS_ECALVTP3_ROCID,2,7
427,20,15,SBS_ECALVTP2_ROCID,18,3,22,4,8,SBS_ECALVTP3_ROCID,2,8
428,20,16,SBS_ECALVTP2_ROCID,18,4,22,4,9,SBS_ECALVTP3_ROCID,2,9
429,20,17,SBS_ECALVTP2_ROCID,18,5,22,4,10,SBS_ECALVTP3_ROCID,2,10
430,20,18,SBS_ECALVTP2_ROCID,18,6,23,4,11,SBS_ECALVTP3_ROCID,2,11
431,20,19,SBS_ECALVTP2_ROCID,18,7,23,4,12,SBS_ECALVTP3_ROCID,2,12
432,20,20,SBS_ECALVTP2_ROCID,18,8,23,4,13,SBS_ECALVTP3_ROCID,2,13
433,20,21,SBS_ECALVTP2_ROCID,18,9,24,4,14,SBS_ECALVTP3_ROCID,2,14
434,20,22,SBS_ECALVTP2_ROCID,18,10,24,4,15,SBS_ECALVTP3_ROCID,2,15
435,20,23,SBS_ECALVTP2_ROCID,18,11,24,4,16,SBS_ECALVTP3_ROCID,2,16
436,20,24,SBS_ECALVTP2_ROCID,18,12,25,4,17,SBS_ECALVTP3_ROCID,2,17
437,20,25,SBS_ECALVTP2_ROCID,18,13,25,4,18,SBS_ECALVTP3_ROCID,2,18
438,20,26,SBS_ECALVTP2_ROCID,18,14,25,4,19,SBS_ECALVTP3_ROCID,2,19
439,20,27,SBS_ECALVTP2_ROCID,18,15,26,4,20,SBS_ECALVTP3_ROCID,2,20
440,20,28,SBS_ECALVTP2_ROCID,19,0,26,4,21,SBS_ECALVTP3_ROCID,2,21
441,21,2,SBS_ECALVTP3_ROCID,3,0,0,1,0,SBS_ECALVTP2_ROCID,3,0
442,21,3,SBS_ECALVTP3_ROCID,3,1,1,1,1,SBS_ECALVTP2_ROCID,3,1
443,21,4,SBS_ECALVTP3_ROCID,3,2,1,1,2,SBS_ECALVTP2_ROCID,3,2
444,21,5,SBS_ECALVTP3_ROCID,3,3,1,1,3,SBS_ECALVTP2_ROCID,3,3
445,21,6,SBS_ECALVTP3_ROCID,3,4,2,1,4,SBS_ECALVTP2_ROCID,3,4
446,21,7,SBS_ECALVTP3_ROCID,3,5,2,1,5,SBS_ECALVTP2_ROCID,3,5
447,21,8,SBS_ECALVTP3_ROCID,3,6,2,1,6,SBS_ECALVTP2_ROCID,3,6
448,21,9,SBS_ECALVTP3_ROCID,3,7,3,1,7,SBS_ECALVTP2_ROCID,3,7
449,21,10,SBS_ECALVTP3_ROCID,3,8,3,1,8,SBS_ECALVTP2_ROCID,3,8
450,21,11,SBS_ECALVTP3_ROCID,3,9,3,1,9,SBS_ECALVTP2_ROCID,3,9
451,21,12,SBS_ECALVTP3_ROCID,3,10,4,1,10,SBS_ECALVTP2_ROCID,3,10
452,21,13,SBS_ECALVTP3_ROCID,3,11,4,1,11,SBS_ECALVTP2_ROCID,3,11
453,21,14,SBS_ECALVTP3_ROCID,3,12,4,1,12,SBS_ECALVTP2_ROCID,3,12
454,21,15,SBS_ECALVTP3_ROCID,3,13,5,1,13,SBS_ECALVTP2_ROCID,3,13
455,21,16,SBS_ECALVTP3_ROCID,3,14,5,1,14,SBS_ECALVTP2_ROCID,3,14
456,21,17,SBS_ECALVTP3_ROCID,3,15,5,1,15,SBS_ECALVTP2_ROCID,3,15
457,21,18,SBS_ECALVTP3_ROCID,4,0,6,1,16,SBS_ECALVTP2_ROCID,3,16
458,21,19,SBS_ECALVTP3_ROCID,4,1,6,1,17,SBS_ECALVTP2_ROCID,3,17
459,21,20,SBS_ECALVTP3_ROCID,4,2,6,1,18,SBS_ECALVTP2_ROCID,3,18
460,21,21,SBS_ECALVTP3_ROCID,4,3,7,1,19,SBS_ECALVTP2_ROCID,3,19
461,21,22,SBS_ECALVTP3_ROCID,4,4,7,1,20,SBS_ECALVTP2_ROCID,3,20
462,21,23,SBS_ECALVTP3_ROCID,4,5,7,1,21,SBS_ECALVTP2_ROCID,3,21
463,21,24,SBS_ECALVTP3_ROCID,4,6,8,1,22,SBS_ECALVTP2_ROCID,3,22
464,21,25,SBS_ECALVTP3_ROCID,4,7,8,1,23,SBS_ECALVTP2_ROCID,3,23
465,21,26,SBS_ECALVTP3_ROCID,4,8,8,1,24,SBS_ECALVTP2_ROCID,3,24
466,21,27,SBS_ECALVTP3_ROCID,4,9,9,1,25,SBS_ECALVTP2_ROCID,3,25
467,21,28,SBS_ECALVTP3_ROCID,4,10,9,1,26,SBS_ECALVTP2_ROCID,3,26
468,22,2,SBS_ECALVTP3_ROCID,4,11,0,1,27,SBS_ECALVTP2_ROCID,3,27
469,22,3,SBS_ECALVTP3_ROCID,4,12,1,1,28,SBS_ECALVTP2_ROCID,3,28
470,22,4,SBS_ECALVTP3_ROCID,4,13,1,1,29,SBS_ECALVTP2_ROCID,3,29
471,22,5,SBS_ECALVTP3_ROCID,4,14,1,1,30,SBS_ECALVTP2_ROCID,3,30
472,22,6,SBS_ECALVTP3_ROCID,4,15,2,1,31,SBS_ECALVTP2_ROCID,3,31
473,22,7,SBS_ECALVTP3_ROCID,5,0,2,2,0,SBS_ECALVTP2_ROCID,4,0
474,22,8,SBS_ECALVTP3_ROCID,5,1,2,2,1,SBS_ECALVTP2_ROCID,4,1
475,22,9,SBS_ECALVTP3_ROCID,5,2,3,2,2,SBS_ECALVTP2_ROCID,4,2
476,22,10,SBS_ECALVTP3_ROCID,5,3,3,2,3,SBS_ECALVTP2_ROCID,4,3
477,22,11,SBS_ECALVTP3_ROCID,5,4,3,2,4,SBS_ECALVTP2_ROCID,4,4
478,22,12,SBS_ECALVTP3_ROCID,5,5,4,2,5,SBS_ECALVTP2_ROCID,4,5
479,22,13,SBS_ECALVTP3_ROCID,5,6,4,2,6,SBS_ECALVTP2_ROCID,4,6
480,22,14,SBS_ECALVTP3_ROCID,5,7,4,2,7,SBS_ECALVTP2_ROCID,4,7
481,22,15,SBS_ECALVTP3_ROCID,5,8,5,2,8,SBS_ECALVTP2_ROCID,4,8
482,22,16,SBS_ECALVTP3_ROCID,5,9,5,2,9,SBS_ECALVTP2_ROCID,4,9
483,22,17,SBS_ECALVTP3_ROCID,5,10,5,2,10,SBS_ECALVTP2_ROCID,4,10
484,22,18,SBS_ECALVTP3_ROCID,5,11,6,2,11,SBS_ECALVTP2_ROCID,4,11
485,22,19,SBS_ECALVTP3_ROCID,5,12,6,2,12,SBS_ECALVTP2_ROCID,4,12
486,22,20,SBS_ECALVTP3_ROCID,5,13,6,2,13,SBS_ECALVTP2_ROCID,4,13
487,22,21,SBS_ECALVTP3_ROCID,5,14,7,2,14,SBS_ECALVTP2_ROCID,4,14
488,22,22,SBS_ECALVTP3_ROCID,5,15,7,2,15,SBS_ECALVTP2_ROCID,4,15
489,22,23,SBS_ECALVTP3_ROCID,6,0,7,2,16,SBS_ECALVTP2_ROCID,4,16
490,22,24,SBS_ECALVTP3_ROCID,6,1,8,2,17,SBS_ECALVTP2_ROCID,4,17
491,22,25,SBS_ECALVTP3_ROCID,6,2,8,2,18,SBS_ECALVTP2_ROCID,4,18
492,22,26,SBS_ECALVTP3_ROCID,6,3,8,2,19,SBS_ECALVTP2_ROCID,4,19
493,22,27,SBS_ECALVTP3_ROCID,6,4,9,2,20,SBS_ECALVTP2_ROCID,4,20
494,22,28,SBS_ECALVTP3_ROCID,6,5,9,2,21,SBS_ECALVTP2_ROCID,4,21
495,23,2,SBS_ECALVTP3_ROCID,6,6,0,-1,-1,None,-1,-1
496,23,3,SBS_ECALVTP3_ROCID,6,7,1,-1,-1,None,-1,-1
497,23,4,SBS_ECALVTP3_ROCID,6,8,1,-1,-1,None,-1,-1
498,23,5,SBS_ECALVTP3_ROCID,6,9,1,-1,-1,None,-1,-1
499,23,6,SBS_ECALVTP3_ROCID,6,10,2,-1,-1,None,-1,-1
500,23,7,SBS_ECALVTP3_ROCID,6,11,2,-1,-1,None,-1,-1
501,23,8,SBS_ECALVTP3_ROCID,6,12,2,-1,-1,None,-1,-1
502,23,9,SBS_ECALVTP3_ROCID,6,13,3,-1,-1,None,-1,-1
503,23,10,SBS_ECALVTP3_ROCID,6,14,3,-1,-1,None,-1,-1
504,23,11,SBS_ECALVTP3_ROCID,6,15,3,-1,-1,None,-1,-1
505,23,12,SBS_ECALVTP3_ROCID,7,0,4,-1,-1,None,-1,-1
506,23,13,SBS_ECALVTP3_ROCID,7,1,4,-1,-1,None,-1,-1
507,23,14,SBS_ECALVTP3_ROCID,7,2,4,-1,-1,None,-1,-1
508,23,15,SBS_ECALVTP3_ROCID,7,3,5,-1,-1,None,-1,-1
509,23,16,SBS_ECALVTP3_ROCID,7,4,5,-1,-1,None,-1,-1
510,23,17,SBS_ECALVTP3_ROCID,7,5,5,-1,-1,None,-1,-1
511,23,18,SBS_ECALVTP3_ROCID,7,6,6,-1,-1,None,-1,-1
512,23,19,SBS_ECALVTP3_ROCID,7,7,6,-1,-1,None,-1,-1
513,23,20,SBS_ECALVTP3_ROCID,7,8,6,-1,-1,None,-1,-1
514,23,21,SBS_ECALVTP3_ROCID,7,9,7,-1,-1,None,-1,-1
515,23,22,SBS_ECALVTP3_ROCID,7,10,7,-1,-1,None,-1,-1
516,23,23,SBS_ECALVTP3_ROCID,7,11,7,-1,-1,None,-1,-1
517,23,24,SBS_ECALVTP3_ROCID,7,12,8,-1,-1,None,-1,-1
518,23,25,SBS_ECALVTP3_ROCID,7,13,8,-1,-1,None,-1,-1
519,23,26,SBS_ECALVTP3_ROCID,7,14,8,-1,-1,None,-1,-1
520,23,27,SBS_ECALVTP3_ROCID,7,15,9,-1,-1,None,-1,-1
521,23,28,SBS_ECALVTP3_ROCID,8,0,9,-1,-1,None,-1,-1
522,24,2,SBS_ECALVTP3_ROCID,8,1,10,-1,-1,None,-1,-1
523,24,3,SBS_ECALVTP3_ROCID,8,2,11,-1,-1,None,-1,-1
524,24,4,SBS_ECALVTP3_ROCID,8,3,11,-1,-1,None,-1,-1
525,24,5,SBS_ECALVTP3_ROCID,8,4,11,-1,-1,None,-1,-1
526,24,6,SBS_ECALVTP3_ROCID,8,5,12,-1,-1,None,-1,-1
527,24,7,SBS_ECALVTP3_ROCID,8,6,12,-1,-1,None,-1,-1
528,24,8,SBS_ECALVTP3_ROCID,8,7,12,-1,-1,None,-1,-1
529,24,9,SBS_ECALVTP3_ROCID,8,8,13,-1,-1,None,-1,-1
530,24,10,SBS_ECALVTP3_ROCID,8,9,13,-1,-1,None,-1,-1
531,24,11,SBS_ECALVTP3_ROCID,8,10,13,-1,-1,None,-1,-1
532,24,12,SBS_ECALVTP3_ROCID,8,11,14,-1,-1,None,-1,-1
533,24,13,SBS_ECALVTP3_ROCID,8,12,14,-1,-1,None,-1,-1
534,24,14,SBS_ECALVTP3_ROCID,8,13,14,-1,-1,None,-1,-1
535,24,15,SBS_ECALVTP3_ROCID,8,14,15,-1,-1,None,-1,-1
536,24,16,SBS_ECALVTP3_ROCID,8,15,15,-1,-1,None,-1,-1
537,24,17,SBS_ECALVTP3_ROCID,9,0,15,-1,-1,None,-1,-1
538,24,18,SBS_ECALVTP3_ROCID,9,1,16,-1,-1,None,-1,-1
539,24,19,SBS_ECALVTP3_ROCID,9,2,16,-1,-1,None,-1,-1
540,24,20,SBS_ECALVTP3_ROCID,9,3,16,-1,-1,None,-1,-1
541,24,21,SBS_ECALVTP3_ROCID,9,4,17,-1,-1,None,-1,-1
542,24,22,SBS_ECALVTP3_ROCID,9,5,17,-1,-1,None,-1,-1
543,24,23,SBS_ECALVTP3_ROCID,9,6,17,-1,-1,None,-1,-1
544,24,24,SBS_ECALVTP3_ROCID,9,7,18,-1,-1,None,-1,-1
545,24,25,SBS_ECALVTP3_ROCID,9,8,18,-1,-1,None,-1,-1
546,24,26,SBS_ECALVTP3_ROCID,9,9,18,-1,-1,None,-1,-1
547,24,27,SBS_ECALVTP3_ROCID,9,10,19,-1,-1,None,-1,-1
548,24,28,SBS_ECALVTP3_ROCID,9,11,19,-1,-1,None,-1,-1
549,25,2,SBS_ECALVTP3_ROCID,9,12,10,-1,-1,None,-1,-1
550,25,3,SBS_ECALVTP3_ROCID,9,13,11,-1,-1,None,-1,-1
551,25,4,SBS_ECALVTP3_ROCID,9,14,11,-1,-1,None,-1,-1
552,25,5,SBS_ECALVTP3_ROCID,9,15,11,-1,-1,None,-1,-1
553,25,6,SBS_ECALVTP3_ROCID,10,0,12,-1,-1,None,-1,-1
554,25,7,SBS_ECALVTP3_ROCID,10,1,12,-1,-1,None,-1,-1
555,25,8,SBS_ECALVTP3_ROCID,10,2,12,-1,-1,None,-1,-1
556,25,9,SBS_ECALVTP3_ROCID,10,3,13,-1,-1,None,-1,-1
557,25,10,SBS_ECALVTP3_ROCID,10,4,13,-1,-1,None,-1,-1
558,25,11,SBS_ECALVTP3_ROCID,10,5,13,-1,-1,None,-1,-1
559,25,12,SBS_ECALVTP3_ROCID,10,6,14,-1,-1,None,-1,-1
560,25,13,SBS_ECALVTP3_ROCID,10,7,14,-1,-1,None,-1,-1
561,25,14,SBS_ECALVTP3_ROCID,10,8,14,-1,-1,None,-1,-1
562,25,15,SBS_ECALVTP3_ROCID,10,9,15,-1,-1,None,-1,-1
563,25,16,SBS_ECALVTP3_ROCID,10,10,15,-1,-1,None,-1,-1
564,25,17,SBS_ECALVTP3_ROCID,10,11,15,-1,-1,None,-1,-1
565,25,18,SBS_ECALVTP3_ROCID,10,12,16,-1,-1,None,-1,-1
566,25,19,SBS_ECALVTP3_ROCID,10,13,16,-1,-1,None,-1,-1
567,25,20,SBS_ECALVTP3_ROCID,10,14,16,-1,-1,None,-1,-1
568,25,21,SBS_ECALVTP3_ROCID,10,15,17,-1,-1,None,-1,-1
569,25,22,SBS_ECALVTP3_ROCID,13,0,17,-1,-1,None,-1,-1
570,25,23,SBS_ECALVTP3_ROCID,13,1,17,-1,-1,None,-1,-1
571,25,24,SBS_ECALVTP3_ROCID,13,2,18,-1,-1,None,-1,-1
572,25,25,SBS_ECALVTP3_ROCID,13,3,18,-1,-1,None,-1,-1
573,25,26,SBS_ECALVTP3_ROCID,13,4,18,-1,-1,None,-1,-1
574,25,27,SBS_ECALVTP3_ROCID,13,5,19,-1,-1,None,-1,-1
575,25,28,SBS_ECALVTP3_ROCID,13,6,19,-1,-1,None,-1,-1
576,26,2,SBS_ECALVTP3_ROCID,13,7,10,-1,-1,None,-1,-1
577,26,3,SBS_ECALVTP3_ROCID,13,8,11,-1,-1,None,-1,-1
578,26,4,SBS_ECALVTP3_ROCID,13,9,11,-1,-1,None,-1,-1
579,26,5,SBS_ECALVTP3_ROCID,13,10,11,-1,-1,None,-1,-1
580,26,6,SBS_ECALVTP3_ROCID,13,11,12,-1,-1,None,-1,-1
581,26,7,SBS_ECALVTP3_ROCID,13,12,12,-1,-1,None,-1,-1
582,26,8,SBS_ECALVTP3_ROCID,13,13,12,-1,-1,None,-1,-1
583,26,9,SBS_ECALVTP3_ROCID,13,14,13,-1,-1,None,-1,-1
584,26,10,SBS_ECALVTP3_ROCID,13,15,13,-1,-1,None,-1,-1
585,26,11,SBS_ECALVTP3_ROCID,14,0,13,-1,-1,None,-1,-1
586,26,12,SBS_ECALVTP3_ROCID,14,1,14,-1,-1,None,-1,-1
587,26,13,SBS_ECALVTP3_ROCID,14,2,14,-1,-1,None,-1,-1
588,26,14,SBS_ECALVTP3_ROCID,14,3,14,-1,-1,None,-1,-1
589,26,15,SBS_ECALVTP3_ROCID,14,4,15,-1,-1,None,-1,-1
590,26,16,SBS_ECALVTP3_ROCID,14,5,15,-1,-1,None,-1,-1
591,26,17,SBS_ECALVTP3_ROCID,14,6,15,-1,-1,None,-1,-1
592,26,18,SBS_ECALVTP3_ROCID,14,7,16,-1,-1,None,-1,-1
593,26,19,SBS_ECALVTP3_ROCID,14,8,16,-1,-1,None,-1,-1
594,26,20,SBS_ECALVTP3_ROCID,14,9,16,-1,-1,None,-1,-1
595,26,21,SBS_ECALVTP3_ROCID,14,10,17,-1,-1,None,-1,-1
596,26,22,SBS_ECALVTP3_ROCID,14,11,17,-1,-1,None,-1,-1
597,26,23,SBS_ECALVTP3_ROCID,14,12,17,-1,-1,None,-1,-1
598,26,24,SBS_ECALVTP3_ROCID,14,13,18,-1,-1,None,-1,-1
599,26,25,SBS_ECALVTP3_ROCID,14,14,18,-1,-1,None,-1,-1
600,26,26,SBS_ECALVTP3_ROCID,14,15,18,-1,-1,None,-1,-1
601,26,27,SBS_ECALVTP3_ROCID,15,0,19,-1,-1,None,-1,-1
602,26,28,SBS_ECALVTP3_ROCID,15,1,19,-1,-1,None,-1,-1
603,27,2,SBS_ECALVTP3_ROCID,15,2,20,-1,-1,None,-1,-1
604,27,3,SBS_ECALVTP3_ROCID,15,3,21,-1,-1,None,-1,-1
605,27,4,SBS_ECALVTP3_ROCID,15,4,21,-1,-1,None,-1,-1
606,27,5,SBS_ECALVTP3_ROCID,15,5,21,-1,-1,None,-1,-1
607,27,6,SBS_ECALVTP3_ROCID,15,6,22,-1,-1,None,-1,-1
608,27,7,SBS_ECALVTP3_ROCID,15,7,22,-1,-1,None,-1,-1
609,27,8,SBS_ECALVTP3_ROCID,15,8,22,-1,-1,None,-1,-1
610,27,9,SBS_ECALVTP3_ROCID,15,9,23,-1,-1,None,-1,-1
611,27,10,SBS_ECALVTP3_ROCID,15,10,23,-1,-1,None,-1,-1
612,27,11,SBS_ECALVTP3_ROCID,15,11,23,-1,-1,None,-1,-1
613,27,12,SBS_ECALVTP3_ROCID,15,12,24,-1,-1,None,-1,-1
614,27,13,SBS_ECALVTP3_ROCID,15,13,24,-1,-1,None,-1,-1
615,27,14,SBS_ECALVTP3_ROCID,15,14,24,-1,-1,None,-1,-1
616,27,15,SBS_ECALVTP3_ROCID,15,15,25,-1,-1,None,-1,-1
617,27,16,SBS_ECALVTP3_ROCID,16,0,25,-1,-1,None,-1,-1
618,27,17,SBS_ECALVTP3_ROCID,16,1,25,-1,-1,None,-1,-1
619,27,18,SBS_ECALVTP3_ROCID,16,2,26,-1,-1,None,-1,-1
620,27,19,SBS_ECALVTP3_ROCID,16,3,26,-1,-1,None,-1,-1
621,27,20,SBS_ECALVTP3_ROCID,16,4,26,-1,-1,None,-1,-1
622,27,21,SBS_ECALVTP3_ROCID,16,5,27,-1,-1,None,-1,-1
623,27,22,SBS_ECALVTP3_ROCID,16,6,27,-1,-1,None,-1,-1
624,27,23,SBS_ECALVTP3_ROCID,16,7,27,-1,-1,None,-1,-1
625,27,24,SBS_ECALVTP3_ROCID,16,8,28,-1,-1,None,-1,-1
626,27,25,SBS_ECALVTP3_ROCID,16,9,28,-1,-1,None,-1,-1
627,27,26,SBS_ECALVTP3_ROCID,16,10,28,-1,-1,None,-1,-1
628,27,27,SBS_ECALVTP3_ROCID,16,11,29,-1,-1,None,-1,-1
629,27,28,SBS_ECALVTP3_ROCID,16,12,29,-1,-1,None,-1,-1
630,28,2,SBS_ECALVTP3_ROCID,16,13,20,3,0,SBS_ECALVTP4_ROCID,1,0
631,28,3,SBS_ECALVTP3_ROCID,16,14,21,3,1,SBS_ECALVTP4_ROCID,1,1
632,28,4,SBS_ECALVTP3_ROCID,16,15,21,3,2,SBS_ECALVTP4_ROCID,1,2
633,28,5,SBS_ECALVTP3_ROCID,17,0,21,3,3,SBS_ECALVTP4_ROCID,1,3
634,28,6,SBS_ECALVTP3_ROCID,17,1,22,3,4,SBS_ECALVTP4_ROCID,1,4
635,28,7,SBS_ECALVTP3_ROCID,17,2,22,3,5,SBS_ECALVTP4_ROCID,1,5
636,28,8,SBS_ECALVTP3_ROCID,17,3,22,3,6,SBS_ECALVTP4_ROCID,1,6
637,28,9,SBS_ECALVTP3_ROCID,17,4,23,3,7,SBS_ECALVTP4_ROCID,1,7
638,28,10,SBS_ECALVTP3_ROCID,17,5,23,3,8,SBS_ECALVTP4_ROCID,1,8
639,28,11,SBS_ECALVTP3_ROCID,17,6,23,3,9,SBS_ECALVTP4_ROCID,1,9
640,28,12,SBS_ECALVTP3_ROCID,17,7,24,3,10,SBS_ECALVTP4_ROCID,1,10
641,28,13,SBS_ECALVTP3_ROCID,17,8,24,3,11,SBS_ECALVTP4_ROCID,1,11
642,28,14,SBS_ECALVTP3_ROCID,17,9,24,3,12,SBS_ECALVTP4_ROCID,1,12
643,28,15,SBS_ECALVTP3_ROCID,17,10,25,3,13,SBS_ECALVTP4_ROCID,1,13
644,28,16,SBS_ECALVTP3_ROCID,17,11,25,3,14,SBS_ECALVTP4_ROCID,1,14
645,28,17,SBS_ECALVTP3_ROCID,17,12,25,3,15,SBS_ECALVTP4_ROCID,1,15
646,28,18,SBS_ECALVTP3_ROCID,17,13,26,3,16,SBS_ECALVTP4_ROCID,1,16
647,28,19,SBS_ECALVTP3_ROCID,17,14,26,3,17,SBS_ECALVTP4_ROCID,1,17
648,28,20,SBS_ECALVTP3_ROCID,17,15,26,3,18,SBS_ECALVTP4_ROCID,1,18
649,28,21,SBS_ECALVTP3_ROCID,18,0,27,3,19,SBS_ECALVTP4_ROCID,1,19
650,28,22,SBS_ECALVTP3_ROCID,18,1,27,3,20,SBS_ECALVTP4_ROCID,1,20
651,28,23,SBS_ECALVTP3_ROCID,18,2,27,3,21,SBS_ECALVTP4_ROCID,1,21
652,28,24,SBS_ECALVTP3_ROCID,18,3,28,3,22,SBS_ECALVTP4_ROCID,1,22
653,28,25,SBS_ECALVTP3_ROCID,18,4,28,3,23,SBS_ECALVTP4_ROCID,1,23
654,28,26,SBS_ECALVTP3_ROCID,18,5,28,3,24,SBS_ECALVTP4_ROCID,1,24
655,28,27,SBS_ECALVTP3_ROCID,18,6,29,3,25,SBS_ECALVTP4_ROCID,1,25
656,28,28,SBS_ECALVTP3_ROCID,18,7,29,3,26,SBS_ECALVTP4_ROCID,1,26
657,29,2,SBS_ECALVTP3_ROCID,18,8,20,3,27,SBS_ECALVTP4_ROCID,1,27
658,29,3,SBS_ECALVTP3_ROCID,18,9,21,3,28,SBS_ECALVTP4_ROCID,1,28
659,29,4,SBS_ECALVTP3_ROCID,18,10,21,3,29,SBS_ECALVTP4_ROCID,1,29
660,29,5,SBS_ECALVTP3_ROCID,18,11,21,3,30,SBS_ECALVTP4_ROCID,1,30
661,29,6,SBS_ECALVTP3_ROCID,18,12,22,3,31,SBS_ECALVTP4_ROCID,1,31
662,29,7,SBS_ECALVTP3_ROCID,18,13,22,4,0,SBS_ECALVTP4_ROCID,2,0
663,29,8,SBS_ECALVTP3_ROCID,18,14,22,4,1,SBS_ECALVTP4_ROCID,2,1
664,29,9,SBS_ECALVTP3_ROCID,18,15,23,4,2,SBS_ECALVTP4_ROCID,2,2
665,29,10,SBS_ECALVTP3_ROCID,19,0,23,4,3,SBS_ECALVTP4_ROCID,2,3
666,29,11,SBS_ECALVTP3_ROCID,19,1,23,4,4,SBS_ECALVTP4_ROCID,2,4
667,29,12,SBS_ECALVTP3_ROCID,19,2,24,4,5,SBS_ECALVTP4_ROCID,2,5
668,29,13,SBS_ECALVTP3_ROCID,19,3,24,4,6,SBS_ECALVTP4_ROCID,2,6
669,29,14,SBS_ECALVTP3_ROCID,19,4,24,4,7,SBS_ECALVTP4_ROCID,2,7
670,29,15,SBS_ECALVTP3_ROCID,19,5,25,4,8,SBS_ECALVTP4_ROCID,2,8
671,29,16,SBS_ECALVTP3_ROCID,19,6,25,4,9,SBS_ECALVTP4_ROCID,2,9
672,29,17,SBS_ECALVTP3_ROCID,19,7,25,4,10,SBS_ECALVTP4_ROCID,2,10
673,29,18,SBS_ECALVTP3_ROCID,19,8,26,4,11,SBS_ECALVTP4_ROCID,2,11
674,29,19,SBS_ECALVTP3_ROCID,19,9,26,4,12,SBS_ECALVTP4_ROCID,2,12
675,29,20,SBS_ECALVTP3_ROCID,19,10,26,4,13,SBS_ECALVTP4_ROCID,2,13
676,29,21,SBS_ECALVTP3_ROCID,19,11,27,4,14,SBS_ECALVTP4_ROCID,2,14
677,29,22,SBS_ECALVTP3_ROCID,19,12,27,4,15,SBS_ECALVTP4_ROCID,2,15
678,29,23,SBS_ECALVTP3_ROCID,19,13,27,4,16,SBS_ECALVTP4_ROCID,2,16
679,29,24,SBS_ECALVTP3_ROCID,19,14,28,4,17,SBS_ECALVTP4_ROCID,2,17
680,29,25,SBS_ECALVTP3_ROCID,19,15,28,4,18,SBS_ECALVTP4_ROCID,2,18
681,29,26,SBS_ECALVTP3_ROCID,20,0,28,4,19,SBS_ECALVTP4_ROCID,2,19
682,29,27,SBS_ECALVTP3_ROCID,20,1,29,4,20,SBS_ECALVTP4_ROCID,2,20
683,29,28,SBS_ECALVTP3_ROCID,20,2,29,4,21,SBS_ECALVTP4_ROCID,2,21
684,30,2,SBS_ECALVTP4_ROCID,3,0,0,1,0,SBS_ECALVTP3_ROCID,3,0
685,30,3,SBS_ECALVTP4_ROCID,3,1,1,1,1,SBS_ECALVTP3_ROCID,3,1
686,30,4,SBS_ECALVTP4_ROCID,3,2,1,1,2,SBS_ECALVTP3_ROCID,3,2
687,30,5,SBS_ECALVTP4_ROCID,3,3,1,1,3,SBS_ECALVTP3_ROCID,3,3
688,30,6,SBS_ECALVTP4_ROCID,3,4,2,1,4,SBS_ECALVTP3_ROCID,3,4
689,30,7,SBS_ECALVTP4_ROCID,3,5,2,1,5,SBS_ECALVTP3_ROCID,3,5
690,30,8,SBS_ECALVTP4_ROCID,3,6,2,1,6,SBS_ECALVTP3_ROCID,3,6
691,30,9,SBS_ECALVTP4_ROCID,3,7,3,1,7,SBS_ECALVTP3_ROCID,3,7
692,30,10,SBS_ECALVTP4_ROCID,3,8,3,1,8,SBS_ECALVTP3_ROCID,3,8
693,30,11,SBS_ECALVTP4_ROCID,3,9,3,1,9,SBS_ECALVTP3_ROCID,3,9
694,30,12,SBS_ECALVTP4_ROCID,3,10,4,1,10,SBS_ECALVTP3_ROCID,3,10
695,30,13,SBS_ECALVTP4_ROCID,3,11,4,1,11,SBS_ECALVTP3_ROCID,3,11
696,30,14,SBS_ECALVTP4_ROCID,3,12,4,1,12,SBS_ECALVTP3_ROCID,3,12
697,30,15,SBS_ECALVTP4_ROCID,3,13,5,1,13,SBS_ECALVTP3_ROCID,3,13
698,30,16,SBS_ECALVTP4_ROCID,3,14,5,1,14,SBS_ECALVTP3_ROCID,3,14
699,30,17,SBS_ECALVTP4_ROCID,3,15,5,1,15,SBS_ECALVTP3_ROCID,3,15
700,30,18,SBS_ECALVTP4_ROCID,4,0,6,1,16,SBS_ECALVTP3_ROCID,3,16
701,30,19,SBS_ECALVTP4_ROCID,4,1,6,1,17,SBS_ECALVTP3_ROCID,3,17
702,30,20,SBS_ECALVTP4_ROCID,4,2,6,1,18,SBS_ECALVTP3_ROCID,3,18
703,30,21,SBS_ECALVTP4_ROCID,4,3,7,1,19,SBS_ECALVTP3_ROCID,3,19
704,30,22,SBS_ECALVTP4_ROCID,4,4,7,1,20,SBS_ECALVTP3_ROCID,3,20
705,30,23,SBS_ECALVTP4_ROCID,4,5,7,1,21,SBS_ECALVTP3_ROCID,3,21
706,30,24,SBS_ECALVTP4_ROCID,4,6,8,1,22,SBS_ECALVTP3_ROCID,3,22
707,30,25,SBS_ECALVTP4_ROCID,4,7,8,1,23,SBS_ECALVTP3_ROCID,3,23
708,30,26,SBS_ECALVTP4_ROCID,4,8,8,1,24,SBS_ECALVTP3_ROCID,3,24
709,30,27,SBS_ECALVTP4_ROCID,4,9,9,1,25,SBS_ECALVTP3_ROCID,3,25
710,30,28,SBS_ECALVTP4_ROCID,4,10,9,1,26,SBS_ECALVTP3_ROCID,3,26
711,31,2,SBS_ECALVTP4_ROCID,4,11,0,1,27,SBS_ECALVTP3_ROCID,3,27
712,31,3,SBS_ECALVTP4_ROCID,4,12,1,1,28,SBS_ECALVTP3_ROCID,3,28
713,31,4,SBS_ECALVTP4_ROCID,4,13,1,1,29,SBS_ECALVTP3_ROCID,3,29
714,31,5,SBS_ECALVTP4_ROCID,4,14,1,1,30,SBS_ECALVTP3_ROCID,3,30
715,31,6,SBS_ECALVTP4_ROCID,4,15,2,1,31,SBS_ECALVTP3_ROCID,3,31
716,31,7,SBS_ECALVTP4_ROCID,5,0,2,2,0,SBS_ECALVTP3_ROCID,4,0
717,31,8,SBS_ECALVTP4_ROCID,5,1,2,2,1,SBS_ECALVTP3_ROCID,4,1
718,31,9,SBS_ECALVTP4_ROCID,5,2,3,2,2,SBS_ECALVTP3_ROCID,4,2
719,31,10,SBS_ECALVTP4_ROCID,5,3,3,2,3,SBS_ECALVTP3_ROCID,4,3
720,31,11,SBS_ECALVTP4_ROCID,5,4,3,2,4,SBS_ECALVTP3_ROCID,4,4
721,31,12,SBS_ECALVTP4_ROCID,5,5,4,2,5,SBS_ECALVTP3_ROCID,4,5
722,31,13,SBS_ECALVTP4_ROCID,5,6,4,2,6,SBS_ECALVTP3_ROCID,4,6
723,31,14,SBS_ECALVTP4_ROCID,5,7,4,2,7,SBS_ECALVTP3_ROCID,4,7
724,31,15,SBS_ECALVTP4_ROCID,5,8,5,2,8,SBS_ECALVTP3_ROCID,4,8
725,31,16,SBS_ECALVTP4_ROCID,5,9,5,2,9,SBS_ECALVTP3_ROCID,4,9
726,31,17,SBS_ECALVTP4_ROCID,5,10,5,2,10,SBS_ECALVTP3_ROCID,4,10
727,31,18,SBS_ECALVTP4_ROCID,5,11,6,2,11,SBS_ECALVTP3_ROCID,4,11
728,31,19,SBS_ECALVTP4_ROCID,5,12,6,2,12,SBS_ECALVTP3_ROCID,4,12
729,31,20,SBS_ECALVTP4_ROCID,5,13,6,2,13,SBS_ECALVTP3_ROCID,4,13
730,31,21,SBS_ECALVTP4_ROCID,5,14,7,2,14,SBS_ECALVTP3_ROCID,4,14
731,31,22,SBS_ECALVTP4_ROCID,5,15,7,2,15,SBS_ECALVTP3_ROCID,4,15
732,31,23,SBS_ECALVTP4_ROCID,6,0,7,2,16,SBS_ECALVTP3_ROCID,4,16
733,31,24,SBS_ECALVTP4_ROCID,6,1,8,2,17,SBS_ECALVTP3_ROCID,4,17
734,31,25,SBS_ECALVTP4_ROCID,6,2,8,2,18,SBS_ECALVTP3_ROCID,4,18
735,31,26,SBS_ECALVTP4_ROCID,6,3,8,2,19,SBS_ECALVTP3_ROCID,4,19
736,31,27,SBS_ECALVTP4_ROCID,6,4,9,2,20,SBS_ECALVTP3_ROCID,4,20
737,31,28,SBS_ECALVTP4_ROCID,6,5,9,2,21,SBS_ECALVTP3_ROCID,4,21
738,32,2,SBS_ECALVTP4_ROCID,6,6,0,-1,-1,None,-1,-1
739,32,3,SBS_ECALVTP4_ROCID,6,7,1,-1,-1,None,-1,-1
740,32,4,SBS_ECALVTP4_ROCID,6,8,1,-1,-1,None,-1,-1
741,32,5,SBS_ECALVTP4_ROCID,6,9,1,-1,-1,None,-1,-1
742,32,6,SBS_ECALVTP4_ROCID,6,10,2,-1,-1,None,-1,-1
743,32,7,SBS_ECALVTP4_ROCID,6,11,2,-1,-1,None,-1,-1
744,32,8,SBS_ECALVTP4_ROCID,6,12,2,-1,-1,None,-1,-1
745,32,9,SBS_ECALVTP4_ROCID,6,13,3,-1,-1,None,-1,-1
746,32,10,SBS_ECALVTP4_ROCID,6,14,3,-1,-1,None,-1,-1
747,32,11,SBS_ECALVTP4_ROCID,6,15,3,-1,-1,None,-1,-1
748,32,12,SBS_ECALVTP4_ROCID,7,0,4,-1,-1,None,-1,-1
749,32,13,SBS_ECALVTP4_ROCID,7,1,4,-1,-1,None,-1,-1
750,32,14,SBS_ECALVTP4_ROCID,7,2,4,-1,-1,None,-1,-1
751,32,15,SBS_ECALVTP4_ROCID,7,3,5,-1,-1,None,-1,-1
752,32,16,SBS_ECALVTP4_ROCID,7,4,5,-1,-1,None,-1,-1
753,32,17,SBS_ECALVTP4_ROCID,7,5,5,-1,-1,None,-1,-1
754,32,18,SBS_ECALVTP4_ROCID,7,6,6,-1,-1,None,-1,-1
755,32,19,SBS_ECALVTP4_ROCID,7,7,6,-1,-1,None,-1,-1
756,32,20,SBS_ECALVTP4_ROCID,7,8,6,-1,-1,None,-1,-1
757,32,21,SBS_ECALVTP4_ROCID,7,9,7,-1,-1,None,-1,-1
758,32,22,SBS_ECALVTP4_ROCID,7,10,7,-1,-1,None,-1,-1
759,32,23,SBS_ECALVTP4_ROCID,7,11,7,-1,-1,None,-1,-1
760,32,24,SBS_ECALVTP4_ROCID,7,12,8,-1,-1,None,-1,-1
761,32,25,SBS_ECALVTP4_ROCID,7,13,8,-1,-1,None,-1,-1
762,32,26,SBS_ECALVTP4_ROCID,7,14,8,-1,-1,None,-1,-1
763,32,27,SBS_ECALVTP4_ROCID,7,15,9,-1,-1,None,-1,-1
764,32,28,SBS_ECALVTP4_ROCID,8,0,9,-1,-1,None,-1,-1
765,33,2,SBS_ECALVTP4_ROCID,8,1,10,-1,-1,None,-1,-1
766,33,3,SBS_ECALVTP4_ROCID,8,2,11,-1,-1,None,-1,-1
767,33,4,SBS_ECALVTP4_ROCID,8,3,11,-1,-1,None,-1,-1
768,33,5,SBS_ECALVTP4_ROCID,8,4,11,-1,-1,None,-1,-1
769,33,6,SBS_ECALVTP4_ROCID,8,5,12,-1,-1,None,-1,-1
770,33,7,SBS_ECALVTP4_ROCID,8,6,12,-1,-1,None,-1,-1
771,33,8,SBS_ECALVTP4_ROCID,8,7,12,-1,-1,None,-1,-1
772,33,9,SBS_ECALVTP4_ROCID,8,8,13,-1,-1,None,-1,-1
773,33,10,SBS_ECALVTP4_ROCID,8,9,13,-1,-1,None,-1,-1
774,33,11,SBS_ECALVTP4_ROCID,8,10,13,-1,-1,None,-1,-1
775,33,12,SBS_ECALVTP4_ROCID,8,11,14,-1,-1,None,-1,-1
776,33,13,SBS_ECALVTP4_ROCID,8,12,14,-1,-1,None,-1,-1
777,33,14,SBS_ECALVTP4_ROCID,8,13,14,-1,-1,None,-1,-1
778,33,15,SBS_ECALVTP4_ROCID,8,14,15,-1,-1,None,-1,-1
779,33,16,SBS_ECALVTP4_ROCID,8,15,15,-1,-1,None,-1,-1
780,33,17,SBS_ECALVTP4_ROCID,9,0,15,-1,-1,None,-1,-1
781,33,18,SBS_ECALVTP4_ROCID,9,1,16,-1,-1,None,-1,-1
782,33,19,SBS_ECALVTP4_ROCID,9,2,16,-1,-1,None,-1,-1
783,33,20,SBS_ECALVTP4_ROCID,9,3,16,-1,-1,None,-1,-1
784,33,21,SBS_ECALVTP4_ROCID,9,4,17,-1,-1,None,-1,-1
785,33,22,SBS_ECALVTP4_ROCID,9,5,17,-1,-1,None,-1,-1
786,33,23,SBS_ECALVTP4_ROCID,9,6,17,-1,-1,None,-1,-1
787,33,24,SBS_ECALVTP4_ROCID,9,7,18,-1,-1,None,-1,-1
788,33,25,SBS_ECALVTP4_ROCID,9,8,18,-1,-1,None,-1,-1
789,33,26,SBS_ECALVTP4_ROCID,9,9,18,-1,-1,None,-1,-1
790,33,27,SBS_ECALVTP4_ROCID,9,10,19,-1,-1,None,-1,-1
791,33,28,SBS_ECALVTP4_ROCID,9,11,19,-1,-1,None,-1,-1
792,34,2,SBS_ECALVTP4_ROCID,9,12,10,-1,-1,None,-1,-1
793,34,3,SBS_ECALVTP4_ROCID,9,13,11,-1,-1,None,-1,-1
794,34,4,SBS_ECALVTP4_ROCID,9,14,11,-1,-1,None,-1,-1
795,34,5,SBS_ECALVTP4_ROCID,9,15,11,-1,-1,None,-1,-1
796,34,6,SBS_ECALVTP4_ROCID,10,0,12,-1,-1,None,-1,-1
797,34,7,SBS_ECALVTP4_ROCID,10,1,12,-1,-1,None,-1,-1
798,34,8,SBS_ECALVTP4_ROCID,10,2,12,-1,-1,None,-1,-1
799,34,9,SBS_ECALVTP4_ROCID,10,3,13,-1,-1,None,-1,-1
800,34,10,SBS_ECALVTP4_ROCID,10,4,13,-1,-1,None,-1,-1
801,34,11,SBS_ECALVTP4_ROCID,10,5,13,-1,-1,None,-1,-1
802,34,12,SBS_ECALVTP4_ROCID,10,6,14,-1,-1,None,-1,-1
803,34,13,SBS_ECALVTP4_ROCID,10,7,14,-1,-1,None,-1,-1
804,34,14,SBS_ECALVTP4_ROCID,10,8,14,-1,-1,None,-1,-1
805,34,15,SBS_ECALVTP4_ROCID,10,9,15,-1,-1,None,-1,-1
806,34,16,SBS_ECALVTP4_ROCID,10,10,15,-1,-1,None,-1,-1
807,34,17,SBS_ECALVTP4_ROCID,10,11,15,-1,-1,None,-1,-1
808,34,18,SBS_ECALVTP4_ROCID,10,12,16,-1,-1,None,-1,-1
809,34,19,SBS_ECALVTP4_ROCID,10,13,16,-1,-1,None,-1,-1
810,34,20,SBS_ECALVTP4_ROCID,10,14,16,-1,-1,None,-1,-1
811,34,21,SBS_ECALVTP4_ROCID,10,15,17,-1,-1,None,-1,-1
812,34,22,SBS_ECALVTP4_ROCID,13,0,17,-1,-1,None,-1,-1
813,34,23,SBS_ECALVTP4_ROCID,13,1,17,-1,-1,None,-1,-1
814,34,24,SBS_ECALVTP4_ROCID,13,2,18,-1,-1,None,-1,-1
815,34,25,SBS_ECALVTP4_ROCID,13,3,18,-1,-1,None,-1,-1
816,34,26,SBS_ECALVTP4_ROCID,13,4,18,-1,-1,None,-1,-1
817,34,27,SBS_ECALVTP4_ROCID,13,5,19,-1,-1,None,-1,-1
818,34,28,SBS_ECALVTP4_ROCID,13,6,19,-1,-1,None,-1,-1
819,35,2,SBS_ECALVTP4_ROCID,13,7,10,-1,-1,None,-1,-1
820,35,3,SBS_ECALVTP4_ROCID,13,8,11,-1,-1,None,-1,-1
821,35,4,SBS_ECALVTP4_ROCID,13,9,11,-1,-1,None,-1,-1
822,35,5,SBS_ECALVTP4_ROCID,13,10,11,-1,-1,None,-1,-1
823,35,6,SBS_ECALVTP4_ROCID,13,11,12,-1,-1,None,-1,-1
824,35,7,SBS_ECALVTP4_ROCID,13,12,12,-1,-1,None,-1,-1
825,35,8,SBS_ECALVTP4_ROCID,13,13,12,-1,-1,None,-1,-1
826,35,9,SBS_ECALVTP4_ROCID,13,14,13,-1,-1,None,-1,-1
827,35,10,SBS_ECALVTP4_ROCID,13,15,13,-1,-1,None,-1,-1
828,35,11,SBS_ECALVTP4_ROCID,14,0,13,-1,-1,None,-1,-1
829,35,12,SBS_ECALVTP4_ROCID,14,1,14,-1,-1,None,-1,-1
830,35,13,SBS_ECALVTP4_ROCID,14,2,14,-1,-1,None,-1,-1
831,35,14,SBS_ECALVTP4_ROCID,14,3,14,-1,-1,None,-1,-1
832,35,15,SBS_ECALVTP4_ROCID,14,4,15,-1,-1,None,-1,-1
833,35,16,SBS_ECALVTP4_ROCID,14,5,15,-1,-1,None,-1,-1
834,35,17,SBS_ECALVTP4_ROCID,14,6,15,-1,-1,None,-1,-1
835,35,18,SBS_ECALVTP4_ROCID,14,7,16,-1,-1,None,-1,-1
836,35,19,SBS_ECALVTP4_ROCID,14,8,16,-1,-1,None,-1,-1
837,35,20,SBS_ECALVTP4_ROCID,14,9,16,-1,-1,None,-1,-1
838,35,21,SBS_ECALVTP4_ROCID,14,10,17,-1,-1,None,-1,-1
839,35,22,SBS_ECALVTP4_ROCID,14,11,17,-1,-1,None,-1,-1
840,35,23,SBS_ECALVTP4_ROCID,14,12,17,-1,-1,None,-1,-1
841,35,24,SBS_ECALVTP4_ROCID,14,13,18,-1,-1,None,-1,-1
842,35,25,SBS_ECALVTP4_ROCID,14,14,18,-1,-1,None,-1,-1
843,35,26,SBS_ECALVTP4_ROCID,14,15,18,-1,-1,None,-1,-1
844,35,27,SBS_ECALVTP4_ROCID,15,0,19,-1,-1,None,-1,-1
845,35,28,SBS_ECALVTP4_ROCID,15,1,19,-1,-1,None,-1,-1
846,36,2,SBS_ECALVTP4_ROCID,15,2,20,-1,-1,None,-1,-1
847,36,3,SBS_ECALVTP4_ROCID,15,3,21,-1,-1,None,-1,-1
848,36,4,SBS_ECALVTP4_ROCID,15,4,21,-1,-1,None,-1,-1
849,36,5,SBS_ECALVTP4_ROCID,15,5,21,-1,-1,None,-1,-1
850,36,6,SBS_ECALVTP4_ROCID,15,6,22,-1,-1,None,-1,-1
851,36,7,SBS_ECALVTP4_ROCID,15,7,22,-1,-1,None,-1,-1
852,36,8,SBS_ECALVTP4_ROCID,15,8,22,-1,-1,None,-1,-1
853,36,9,SBS_ECALVTP4_ROCID,15,9,23,-1,-1,None,-1,-1
854,36,10,SBS_ECALVTP4_ROCID,15,10,23,-1,-1,None,-1,-1
855,36,11,SBS_ECALVTP4_ROCID,15,11,23,-1,-1,None,-1,-1
856,36,12,SBS_ECALVTP4_ROCID,15,12,24,-1,-1,None,-1,-1
857,36,13,SBS_ECALVTP4_ROCID,15,13,24,-1,-1,None,-1,-1
858,36,14,SBS_ECALVTP4_ROCID,15,14,24,-1,-1,None,-1,-1
859,36,15,SBS_ECALVTP4_ROCID,15,15,25,-1,-1,None,-1,-1
860,36,16,SBS_ECALVTP4_ROCID,16,0,25,-1,-1,None,-1,-1
861,36,17,SBS_ECALVTP4_ROCID,16,1,25,-1,-1,None,-1,-1
862,36,18,SBS_ECALVTP4_ROCID,16,2,26,-1,-1,None,-1,-1
863,36,19,SBS_ECALVTP4_ROCID,16,3,26,-1,-1,None,-1,-1
864,36,20,SBS_ECALVTP4_ROCID,16,4,26,-1,-1,None,-1,-1
865,36,21,SBS_ECALVTP4_ROCID,16,5,27,-1,-1,None,-1,-1
866,36,22,SBS_ECALVTP4_ROCID,16,6,27,-1,-1,None,-1,-1
867,36,23,SBS_ECALVTP4_ROCID,16,7,27,-1,-1,None,-1,-1
868,36,24,SBS_ECALVTP4_ROCID,16,8,28,-1,-1,None,-1,-1
869,36,25,SBS_ECALVTP4_ROCID,16,9,28,-1,-1,None,-1,-1
870,36,26,SBS_ECALVTP4_ROCID,16,10,28,-1,-1,None,-1,-1
871,36,27,SBS_ECALVTP4_ROCID,16,11,29,-1,-1,None,-1,-1
872,36,28,SBS_ECALVTP4_ROCID,16,12,29,-1,-1,None,-1,-1
873,37,2,SBS_ECALVTP4_ROCID,16,13,20,3,0,SBS_ECALVTP5_ROCID,1,0
874,37,3,SBS_ECALVTP4_ROCID,16,14,21,3,1,SBS_ECALVTP5_ROCID,1,1
875,37,4,SBS_ECALVTP4_ROCID,16,15,21,3,2,SBS_ECALVTP5_ROCID,1,2
876,37,5,SBS_ECALVTP4_ROCID,17,0,21,3,3,SBS_ECALVTP5_ROCID,1,3
877,37,6,SBS_ECALVTP4_ROCID,17,1,22,3,4,SBS_ECALVTP5_ROCID,1,4
878,37,7,SBS_ECALVTP4_ROCID,17,2,22,3,5,SBS_ECALVTP5_ROCID,1,5
879,37,8,SBS_ECALVTP4_ROCID,17,3,22,3,6,SBS_ECALVTP5_ROCID,1,6
880,37,9,SBS_ECALVTP4_ROCID,17,4,23,3,7,SBS_ECALVTP5_ROCID,1,7
881,37,10,SBS_ECALVTP4_ROCID,17,5,23,3,8,SBS_ECALVTP5_ROCID,1,8
882,37,11,SBS_ECALVTP4_ROCID,17,6,23,3,9,SBS_ECALVTP5_ROCID,1,9
883,37,12,SBS_ECALVTP4_ROCID,17,7,24,3,10,SBS_ECALVTP5_ROCID,1,10
884,37,13,SBS_ECALVTP4_ROCID,17,8,24,3,11,SBS_ECALVTP5_ROCID,1,11
885,37,14,SBS_ECALVTP4_ROCID,17,9,24,3,12,SBS_ECALVTP5_ROCID,1,12
886,37,15,SBS_ECALVTP4_ROCID,17,10,25,3,13,SBS_ECALVTP5_ROCID,1,13
887,37,16,SBS_ECALVTP4_ROCID,17,11,25,3,14,SBS_ECALVTP5_ROCID,1,14
888,37,17,SBS_ECALVTP4_ROCID,17,12,25,3,15,SBS_ECALVTP5_ROCID,1,15
889,37,18,SBS_ECALVTP4_ROCID,17,13,26,3,16,SBS_ECALVTP5_ROCID,1,16
890,37,19,SBS_ECALVTP4_ROCID,17,14,26,3,17,SBS_ECALVTP5_ROCID,1,17
891,37,20,SBS_ECALVTP4_ROCID,17,15,26,3,18,SBS_ECALVTP5_ROCID,1,18
892,37,21,SBS_ECALVTP4_ROCID,18,0,27,3,19,SBS_ECALVTP5_ROCID,1,19
893,37,22,SBS_ECALVTP4_ROCID,18,1,27,3,20,SBS_ECALVTP5_ROCID,1,20
894,37,23,SBS_ECALVTP4_ROCID,18,2,27,3,21,SBS_ECALVTP5_ROCID,1,21
895,37,24,SBS_ECALVTP4_ROCID,18,3,28,3,22,SBS_ECALVTP5_ROCID,1,22
896,37,25,SBS_ECALVTP4_ROCID,18,4,28,3,23,SBS_ECALVTP5_ROCID,1,23
897,37,26,SBS_ECALVTP4_ROCID,18,5,28,3,24,SBS_ECALVTP5_ROCID,1,24
898,37,27,SBS_ECALVTP4_ROCID,18,6,29,3,25,SBS_ECALVTP5_ROCID,1,25
899,37,28,SBS_ECALVTP4_ROCID,18,7,29,3,26,SBS_ECALVTP5_ROCID,1,26
900,38,2,SBS_ECALVTP4_ROCID,18,8,20,3,27,SBS_ECALVTP5_ROCID,1,27
901,38,3,SBS_ECALVTP4_ROCID,18,9,21,3,28,SBS_ECALVTP5_ROCID,1,28
902,38,4,SBS_ECALVTP4_ROCID,18,10,21,3,29,SBS_ECALVTP5_ROCID,1,29
903,38,5,SBS_ECALVTP4_ROCID,18,11,21,3,30,SBS_ECALVTP5_ROCID,1,30
904,38,6,SBS_ECALVTP4_ROCID,18,12,22,3,31,SBS_ECALVTP5_ROCID,1,31
905,38,7,SBS_ECALVTP4_ROCID,18,13,22,4,0,SBS_ECALVTP5_ROCID,2,0
906,38,8,SBS_ECALVTP4_ROCID,18,14,22,4,1,SBS_ECALVTP5_ROCID,2,1
907,38,9,SBS_ECALVTP4_ROCID,18,15,23,4,2,SBS_ECALVTP5_ROCID,2,2
908,38,10,SBS_ECALVTP4_ROCID,19,0,23,4,3,SBS_ECALVTP5_ROCID,2,3
909,38,11,SBS_ECALVTP4_ROCID,19,1,23,4,4,SBS_ECALVTP5_ROCID,2,4
910,38,12,SBS_ECALVTP4_ROCID,19,2,24,4,5,SBS_ECALVTP5_ROCID,2,5
911,38,13,SBS_ECALVTP4_ROCID,19,3,24,4,6,SBS_ECALVTP5_ROCID,2,6
912,38,14,SBS_ECALVTP4_ROCID,19,4,24,4,7,SBS_ECALVTP5_ROCID,2,7
913,38,15,SBS_ECALVTP4_ROCID,19,5,25,4,8,SBS_ECALVTP5_ROCID,2,8
914,38,16,SBS_ECALVTP4_ROCID,19,6,25,4,9,SBS_ECALVTP5_ROCID,2,9
915,38,17,SBS_ECALVTP4_ROCID,19,7,25,4,10,SBS_ECALVTP5_ROCID,2,10
916,38,18,SBS_ECALVTP4_ROCID,19,8,26,4,11,SBS_ECALVTP5_ROCID,2,11
917,38,19,SBS_ECALVTP4_ROCID,19,9,26,4,12,SBS_ECALVTP5_ROCID,2,12
918,38,20,SBS_ECALVTP4_ROCID,19,10,26,4,13,SBS_ECALVTP5_ROCID,2,13
919,38,21,SBS_ECALVTP4_ROCID,19,11,27,4,14,SBS_ECALVTP5_ROCID,2,14
920,38,22,SBS_ECALVTP4_ROCID,19,12,27,4,15,SBS_ECALVTP5_ROCID,2,15
921,38,23,SBS_ECALVTP4_ROCID,19,13,27,4,16,SBS_ECALVTP5_ROCID,2,16
922,38,24,SBS_ECALVTP4_ROCID,19,14,28,4,17,SBS_ECALVTP5_ROCID,2,17
923,38,25,SBS_ECALVTP4_ROCID,19,15,28,4,18,SBS_ECALVTP5_ROCID,2,18
924,38,26,SBS_ECALVTP4_ROCID,20,0,28,4,19,SBS_ECALVTP5_ROCID,2,19
925,38,27,SBS_ECALVTP4_ROCID,20,1,29,4,20,SBS_ECALVTP5_ROCID,2,20
926,38,28,SBS_ECALVTP4_ROCID,20,2,29,4,21,SBS_ECALVTP5_ROCID,2,21
927,39,2,SBS_ECALVTP5_ROCID,3,0,0,1,0,SBS_ECALVTP4_ROCID,3,0
928,39,3,SBS_ECALVTP5_ROCID,3,1,1,1,1,SBS_ECALVTP4_ROCID,3,1
929,39,4,SBS_ECALVTP5_ROCID,3,2,1,1,2,SBS_ECALVTP4_ROCID,3,2
930,39,5,SBS_ECALVTP5_ROCID,3,3,1,1,3,SBS_ECALVTP4_ROCID,3,3
931,39,6,SBS_ECALVTP5_ROCID,3,4,2,1,4,SBS_ECALVTP4_ROCID,3,4
932,39,7,SBS_ECALVTP5_ROCID,3,5,2,1,5,SBS_ECALVTP4_ROCID,3,5
933,39,8,SBS_ECALVTP5_ROCID,3,6,2,1,6,SBS_ECALVTP4_ROCID,3,6
934,39,9,SBS_ECALVTP5_ROCID,3,7,3,1,7,SBS_ECALVTP4_ROCID,3,7
935,39,10,SBS_ECALVTP5_ROCID,3,8,3,1,8,SBS_ECALVTP4_ROCID,3,8
936,39,11,SBS_ECALVTP5_ROCID,3,9,3,1,9,SBS_ECALVTP4_ROCID,3,9
937,39,12,SBS_ECALVTP5_ROCID,3,10,4,1,10,SBS_ECALVTP4_ROCID,3,10
938,39,13,SBS_ECALVTP5_ROCID,3,11,4,1,11,SBS_ECALVTP4_ROCID,3,11
939,39,14,SBS_ECALVTP5_ROCID,3,12,4,1,12,SBS_ECALVTP4_ROCID,3,12
940,39,15,SBS_ECALVTP5_ROCID,3,13,5,1,13,SBS_ECALVTP4_ROCID,3,13
941,39,16,SBS_ECALVTP5_ROCID,3,14,5,1,14,SBS_ECALVTP4_ROCID,3,14
942,39,17,SBS_ECALVTP5_ROCID,3,15,5,1,15,SBS_ECALVTP4_ROCID,3,15
943,39,18,SBS_ECALVTP5_ROCID,4,0,6,1,16,SBS_ECALVTP4_ROCID,3,16
944,39,19,SBS_ECALVTP5_ROCID,4,1,6,1,17,SBS_ECALVTP4_ROCID,3,17
945,39,20,SBS_ECALVTP5_ROCID,4,2,6,1,18,SBS_ECALVTP4_ROCID,3,18
946,39,21,SBS_ECALVTP5_ROCID,4,3,7,1,19,SBS_ECALVTP4_ROCID,3,19
947,39,22,SBS_ECALVTP5_ROCID,4,4,7,1,20,SBS_ECALVTP4_ROCID,3,20
948,39,23,SBS_ECALVTP5_ROCID,4,5,7,1,21,SBS_ECALVTP4_ROCID,3,21
949,39,24,SBS_ECALVTP5_ROCID,4,6,8,1,22,SBS_ECALVTP4_ROCID,3,22
950,39,25,SBS_ECALVTP5_ROCID,4,7,8,1,23,SBS_ECALVTP4_ROCID,3,23
951,39,26,SBS_ECALVTP5_ROCID,4,8,8,1,24,SBS_ECALVTP4_ROCID,3,24
952,39,27,SBS_ECALVTP5_ROCID,4,9,9,1,25,SBS_ECALVTP4_ROCID,3,25
953,39,28,SBS_ECALVTP5_ROCID,4,10,9,1,26,SBS_ECALVTP4_ROCID,3,26
954,40,2,SBS_ECALVTP5_ROCID,4,11,0,1,27,SBS_ECALVTP4_ROCID,3,27
955,40,3,SBS_ECALVTP5_ROCID,4,12,1,1,28,SBS_ECALVTP4_ROCID,3,28
956,40,4,SBS_ECALVTP5_ROCID,4,13,1,1,29,SBS_ECALVTP4_ROCID,3,29
957,40,5,SBS_ECALVTP5_ROCID,4,14,1,1,30,SBS_ECALVTP4_ROCID,3,30
958,40,6,SBS_ECALVTP5_ROCID,4,15,2,1,31,SBS_ECALVTP4_ROCID,3,31
959,40,7,SBS_ECALVTP5_ROCID,5,0,2,2,0,SBS_ECALVTP4_ROCID,4,0
960,40,8,SBS_ECALVTP5_ROCID,5,1,2,2,1,SBS_ECALVTP4_ROCID,4,1
961,40,9,SBS_ECALVTP5_ROCID,5,2,3,2,2,SBS_ECALVTP4_ROCID,4,2
962,40,10,SBS_ECALVTP5_ROCID,5,3,3,2,3,SBS_ECALVTP4_ROCID,4,3
963,40,11,SBS_ECALVTP5_ROCID,5,4,3,2,4,SBS_ECALVTP4_ROCID,4,4
964,40,12,SBS_ECALVTP5_ROCID,5,5,4,2,5,SBS_ECALVTP4_ROCID,4,5
965,40,13,SBS_ECALVTP5_ROCID,5,6,4,2,6,SBS_ECALVTP4_ROCID,4,6
966,40,14,SBS_ECALVTP5_ROCID,5,7,4,2,7,SBS_ECALVTP4_ROCID,4,7
967,40,15,SBS_ECALVTP5_ROCID,5,8,5,2,8,SBS_ECALVTP4_ROCID,4,8
968,40,16,SBS_ECALVTP5_ROCID,5,9,5,2,9,SBS_ECALVTP4_ROCID,4,9
969,40,17,SBS_ECALVTP5_ROCID,5,10,5,2,10,SBS_ECALVTP4_ROCID,4,10
970,40,18,SBS_ECALVTP5_ROCID,5,11,6,2,11,SBS_ECALVTP4_ROCID,4,11
971,40,19,SBS_ECALVTP5_ROCID,5,12,6,2,12,SBS_ECALVTP4_ROCID,4,12
972,40,20,SBS_ECALVTP5_ROCID,5,13,6,2,13,SBS_ECALVTP4_ROCID,4,13
973,40,21,SBS_ECALVTP5_ROCID,5,14,7,2,14,SBS_ECALVTP4_ROCID,4,14
974,40,22,SBS_ECALVTP5_ROCID,5,15,7,2,15,SBS_ECALVTP4_ROCID,4,15
975,40,23,SBS_ECALVTP5_ROCID,6,0,7,2,16,SBS_ECALVTP4_ROCID,4,16
976,40,24,SBS_ECALVTP5_ROCID,6,1,8,2,17,SBS_ECALVTP4_ROCID,4,17
977,40,25,SBS_ECALVTP5_ROCID,6,2,8,2,18,SBS_ECALVTP4_ROCID,4,18
978,40,26,SBS_ECALVTP5_ROCID,6,3,8,2,19,SBS_ECALVTP4_ROCID,4,19
979,40,27,SBS_ECALVTP5_ROCID,6,4,9,2,20,SBS_ECALVTP4_ROCID,4,20
980,40,28,SBS_ECALVTP5_ROCID,6,5,9,2,21,SBS_ECALVTP4_ROCID,4,21
981,41,2,SBS_ECALVTP5_ROCID,6,6,0,-1,-1,None,-1,-1
982,41,3,SBS_ECALVTP5_ROCID,6,7,1,-1,-1,None,-1,-1
983,41,4,SBS_ECALVTP5_ROCID,6,8,1,-1,-1,None,-1,-1
984,41,5,SBS_ECALVTP5_ROCID,6,9,1,-1,-1,None,-1,-1
985,41,6,SBS_ECALVTP5_ROCID,6,10,2,-1,-1,None,-1,-1
986,41,7,SBS_ECALVTP5_ROCID,6,11,2,-1,-1,None,-1,-1
987,41,8,SBS_ECALVTP5_ROCID,6,12,2,-1,-1,None,-1,-1
988,41,9,SBS_ECALVTP5_ROCID,6,13,3,-1,-1,None,-1,-1
989,41,10,SBS_ECALVTP5_ROCID,6,14,3,-1,-1,None,-1,-1
990,41,11,SBS_ECALVTP5_ROCID,6,15,3,-1,-1,None,-1,-1
991,41,12,SBS_ECALVTP5_ROCID,7,0,4,-1,-1,None,-1,-1
992,41,13,SBS_ECALVTP5_ROCID,7,1,4,-1,-1,None,-1,-1
993,41,14,SBS_ECALVTP5_ROCID,7,2,4,-1,-1,None,-1,-1
994,41,15,SBS_ECALVTP5_ROCID,7,3,5,-1,-1,None,-1,-1
995,41,16,SBS_ECALVTP5_ROCID,7,4,5,-1,-1,None,-1,-1
996,41,17,SBS_ECALVTP5_ROCID,7,5,5,-1,-1,None,-1,-1
997,41,18,SBS_ECALVTP5_ROCID,7,6,6,-1,-1,None,-1,-1
998,41,19,SBS_ECALVTP5_ROCID,7,7,6,-1,-1,None,-1,-1
999,41,20,SBS_ECALVTP5_ROCID,7,8,6,-1,-1,None,-1,-1
1000,41,21,SBS_ECALVTP5_ROCID,7,9,7,-1,-1,None,-1,-1
1001,41,22,SBS_ECALVTP5_ROCID,7,10,7,-1,-1,None,-1,-1
1002,41,23,SBS_ECALVTP5_ROCID,7,11,7,-1,-1,None,-1,-1
1003,41,24,SBS_ECALVTP5_ROCID,7,12,8,-1,-1,None,-1,-1
1004,41,25,SBS_ECALVTP5_ROCID,7,13,8,-1,-1,None,-1,-1
1005,41,26,SBS_ECALVTP5_ROCID,7,14,8,-1,-1,None,-1,-1
1006,41,27,SBS_ECALVTP5_ROCID,7,15,9,-1,-1,None,-1,-1
1007,41,28,SBS_ECALVTP5_ROCID,8,0,9,-1,-1,None,-1,-1
1008,42,2,SBS_ECALVTP5_ROCID,8,1,10,-1,-1,None,-1,-1
1009,42,3,SBS_ECALVTP5_ROCID,8,2,11,-1,-1,None,-1,-1
1010,42,4,SBS_ECALVTP5_ROCID,8,3,11,-1,-1,None,-1,-1
1011,42,5,SBS_ECALVTP5_ROCID,8,4,11,-1,-1,None,-1,-1
1012,42,6,SBS_ECALVTP5_ROCID,8,5,12,-1,-1,None,-1,-1
1013,42,7,SBS_ECALVTP5_ROCID,8,6,12,-1,-1,None,-1,-1
1014,42,8,SBS_ECALVTP5_ROCID,8,7,12,-1,-1,None,-1,-1
1015,42,9,SBS_ECALVTP5_ROCID,8,8,13,-1,-1,None,-1,-1
1016,42,10,SBS_ECALVTP5_ROCID,8,9,13,-1,-1,None,-1,-1
1017,42,11,SBS_ECALVTP5_ROCID,8,10,13,-1,-1,None,-1,-1
1018,42,12,SBS_ECALVTP5_ROCID,8,11,14,-1,-1,None,-1,-1
1019,42,13,SBS_ECALVTP5_ROCID,8,12,14,-1,-1,None,-1,-1
1020,42,14,SBS_ECALVTP5_ROCID,8,13,14,-1,-1,None,-1,-1
1021,42,15,SBS_ECALVTP5_ROCID,8,14,15,-1,-1,None,-1,-1
1022,42,16,SBS_ECALVTP5_ROCID,8,15,15,-1,-1,None,-1,-1
1023,42,17,SBS_ECALVTP5_ROCID,9,0,15,-1,-1,None,-1,-1
1024,42,18,SBS_ECALVTP5_ROCID,9,1,16,-1,-1,None,-1,-1
1025,42,19,SBS_ECALVTP5_ROCID,9,2,16,-1,-1,None,-1,-1
1026,42,20,SBS_ECALVTP5_ROCID,9,3,16,-1,-1,None,-1,-1
1027,42,21,SBS_ECALVTP5_ROCID,9,4,17,-1,-1,None,-1,-1
1028,42,22,SBS_ECALVTP5_ROCID,9,5,17,-1,-1,None,-1,-1
1029,42,23,SBS_ECALVTP5_ROCID,9,6,17,-1,-1,None,-1,-1
1030,42,24,SBS_ECALVTP5_ROCID,9,7,18,-1,-1,None,-1,-1
1031,42,25,SBS_ECALVTP5_ROCID,9,8,18,-1,-1,None,-1,-1
1032,42,26,SBS_ECALVTP5_ROCID,9,9,18,-1,-1,None,-1,-1
1033,42,27,SBS_ECALVTP5_ROCID,9,10,19,-1,-1,None,-1,-1
1034,42,28,SBS_ECALVTP5_ROCID,9,11,19,-1,-1,None,-1,-1
1035,43,2,SBS_ECALVTP5_ROCID,9,12,10,-1,-1,None,-1,-1
1036,43,3,SBS_ECALVTP5_ROCID,9,13,11,-1,-1,None,-1,-1
1037,43,4,SBS_ECALVTP5_ROCID,9,14,11,-1,-1,None,-1,-1
1038,43,5,SBS_ECALVTP5_ROCID,9,15,11,-1,-1,None,-1,-1
1039,43,6,SBS_ECALVTP5_ROCID,10,0,12,-1,-1,None,-1,-1
1040,43,7,SBS_ECALVTP5_ROCID,10,1,12,-1,-1,None,-1,-1
1041,43,8,SBS_ECALVTP5_ROCID,10,2,12,-1,-1,None,-1,-1
1042,43,9,SBS_ECALVTP5_ROCID,10,3,13,-1,-1,None,-1,-1
1043,43,10,SBS_ECALVTP5_ROCID,10,4,13,-1,-1,None,-1,-1
1044,43,11,SBS_ECALVTP5_ROCID,10,5,13,-1,-1,None,-1,-1
1045,43,12,SBS_ECALVTP5_ROCID,10,6,14,-1,-1,None,-1,-1
1046,43,13,SBS_ECALVTP5_ROCID,10,7,14,-1,-1,None,-1,-1
1047,43,14,SBS_ECALVTP5_ROCID,10,8,14,-1,-1,None,-1,-1
1048,43,15,SBS_ECALVTP5_ROCID,10,9,15,-1,-1,None,-1,-1
1049,43,16,SBS_ECALVTP5_ROCID,10,10,15,-1,-1,None,-1,-1
1050,43,17,SBS_ECALVTP5_ROCID,10,11,15,-1,-1,None,-1,-1
1051,43,18,SBS_ECALVTP5_ROCID,10,12,16,-1,-1,None,-1,-1
1052,43,19,SBS_ECALVTP5_ROCID,10,13,16,-1,-1,None,-1,-1
1053,43,20,SBS_ECALVTP5_ROCID,10,14,16,-1,-1,None,-1,-1
1054,43,21,SBS_ECALVTP5_ROCID,10,15,17,-1,-1,None,-1,-1
1055,43,22,SBS_ECALVTP5_ROCID,13,0,17,-1,-1,None,-1,-1
1056,43,23,SBS_ECALVTP5_ROCID,13,1,17,-1,-1,None,-1,-1
1057,43,24,SBS_ECALVTP5_ROCID,13,2,18,-1,-1,None,-1,-1
1058,43,25,SBS_ECALVTP5_ROCID,13,3,18,-1,-1,None,-1,-1
1059,43,26,SBS_ECALVTP5_ROCID,13,4,18,-1,-1,None,-1,-1
1060,43,27,SBS_ECALVTP5_ROCID,13,5,19,-1,-1,None,-1,-1
1061,43,28,SBS_ECALVTP5_ROCID,13,6,19,-1,-1,None,-1,-1
1062,44,2,SBS_ECALVTP5_ROCID,13,7,10,-1,-1,None,-1,-1
1063,44,3,SBS_ECALVTP5_ROCID,13,8,11,-1,-1,None,-1,-1
1064,44,4,SBS_ECALVTP5_ROCID,13,9,11,-1,-1,None,-1,-1
1065,44,5,SBS_ECALVTP5_ROCID,13,10,11,-1,-1,None,-1,-1
1066,44,6,SBS_ECALVTP5_ROCID,13,11,12,-1,-1,None,-1,-1
1067,44,7,SBS_ECALVTP5_ROCID,13,12,12,-1,-1,None,-1,-1
1068,44,8,SBS_ECALVTP5_ROCID,13,13,12,-1,-1,None,-1,-1
1069,44,9,SBS_ECALVTP5_ROCID,13,14,13,-1,-1,None,-1,-1
1070,44,10,SBS_ECALVTP5_ROCID,13,15,13,-1,-1,None,-1,-1
1071,44,11,SBS_ECALVTP5_ROCID,14,0,13,-1,-1,None,-1,-1
1072,44,12,SBS_ECALVTP5_ROCID,14,1,14,-1,-1,None,-1,-1
1073,44,13,SBS_ECALVTP5_ROCID,14,2,14,-1,-1,None,-1,-1
1074,44,14,SBS_ECALVTP5_ROCID,14,3,14,-1,-1,None,-1,-1
1075,44,15,SBS_ECALVTP5_ROCID,14,4,15,-1,-1,None,-1,-1
1076,44,16,SBS_ECALVTP5_ROCID,14,5,15,-1,-1,None,-1,-1
1077,44,17,SBS_ECALVTP5_ROCID,14,6,15,-1,-1,None,-1,-1
1078,44,18,SBS_ECALVTP5_ROCID,14,7,16,-1,-1,None,-1,-1
1079,44,19,SBS_ECALVTP5_ROCID,14,8,16,-1,-1,None,-1,-1
1080,44,20,SBS_ECALVTP5_ROCID,14,9,16,-1,-1,None,-1,-1
1081,44,21,SBS_ECALVTP5_ROCID,14,10,17,-1,-1,None,-1,-1
1082,44,22,SBS_ECALVTP5_ROCID,14,11,17,-1,-1,None,-1,-1
1083,44,23,SBS_ECALVTP5_ROCID,14,12,17,-1,-1,None,-1,-1
1084,44,24,SBS_ECALVTP5_ROCID,14,13,18,-1,-1,None,-1,-1
1085,44,25,SBS_ECALVTP5_ROCID,14,14,18,-1,-1,None,-1,-1
1086,44,26,SBS_ECALVTP5_ROCID,14,15,18,-1,-1,None,-1,-1
1087,44,27,SBS_ECALVTP5_ROCID,15,0,19,-1,-1,None,-1,-1
1088,44,28,SBS_ECALVTP5_ROCID,15,1,19,-1,-1,None,-1,-1
1089,45,2,SBS_ECALVTP5_ROCID,15,2,20,-1,-1,None,-1,-1
1090,45,3,SBS_ECALVTP5_ROCID,15,3,21,-1,-1,None,-1,-1
1091,45,4,SBS_ECALVTP5_ROCID,15,4,21,-1,-1,None,-1,-1
1092,45,5,SBS_ECALVTP5_ROCID,15,5,21,-1,-1,None,-1,-1
1093,45,6,SBS_ECALVTP5_ROCID,15,6,22,-1,-1,None,-1,-1
1094,45,7,SBS_ECALVTP5_ROCID,15,7,22,-1,-1,None,-1,-1
1095,45,8,SBS_ECALVTP5_ROCID,15,8,22,-1,-1,None,-1,-1
1096,45,9,SBS_ECALVTP5_ROCID,15,9,23,-1,-1,None,-1,-1
1097,45,10,SBS_ECALVTP5_ROCID,15,10,23,-1,-1,None,-1,-1
1098,45,11,SBS_ECALVTP5_ROCID,15,11,23,-1,-1,None,-1,-1
1099,45,12,SBS_ECALVTP5_ROCID,15,12,24,-1,-1,None,-1,-1
1100,45,13,SBS_ECALVTP5_ROCID,15,13,24,-1,-1,None,-1,-1
1101,45,14,SBS_ECALVTP5_ROCID,15,14,24,-1,-1,None,-1,-1
1102,45,15,SBS_ECALVTP5_ROCID,15,15,25,-1,-1,None,-1,-1
1103,45,16,SBS_ECALVTP5_ROCID,16,0,25,-1,-1,None,-1,-1
1104,45,17,SBS_ECALVTP5_ROCID,16,1,25,-1,-1,None,-1,-1
1105,45,18,SBS_ECALVTP5_ROCID,16,2,26,-1,-1,None,-1,-1
1106,45,19,SBS_ECALVTP5_ROCID,16,3,26,-1,-1,None,-1,-1
1107,45,20,SBS_ECALVTP5_ROCID,16,4,26,-1,-1,None,-1,-1
1108,45,21,SBS_ECALVTP5_ROCID,16,5,27,-1,-1,None,-1,-1
1109,45,22,SBS_ECALVTP5_ROCID,16,6,27,-1,-1,None,-1,-1
1110,45,23,SBS_ECALVTP5_ROCID,16,7,27,-1,-1,None,-1,-1
1111,45,24,SBS_ECALVTP5_ROCID,16,8,28,-1,-1,None,-1,-1
1112,45,25,SBS_ECALVTP5_ROCID,16,9,28,-1,-1,None,-1,-1
1113,45,26,SBS_ECALVTP5_ROCID,16,10,28,-1,-1,None,-1,-1
1114,45,27,SBS_ECALVTP5_ROCID,16,11,29,-1,-1,None,-1,-1
1115,45,28,SBS_ECALVTP5_ROCID,16,12,29,-1,-1,None,-1,-1
1116,46,2,SBS_ECALVTP5_ROCID,16,13,20,3,0,SBS_ECALVTP6_ROCID,1,0
1117,46,3,SBS_ECALVTP5_ROCID,16,14,21,3,1,SBS_ECALVTP6_ROCID,1,1
1118,46,4,SBS_ECALVTP5_ROCID,16,15,21,3,2,SBS_ECALVTP6_ROCID,1,2
1119,46,5,SBS_ECALVTP5_ROCID,17,0,21,3,3,SBS_ECALVTP6_ROCID,1,3
1120,46,6,SBS_ECALVTP5_ROCID,17,1,22,3,4,SBS_ECALVTP6_ROCID,1,4
1121,46,7,SBS_ECALVTP5_ROCID,17,2,22,3,5,SBS_ECALVTP6_ROCID,1,5
1122,46,8,SBS_ECALVTP5_ROCID,17,3,22,3,6,SBS_ECALVTP6_ROCID,1,6
1123,46,9,SBS_ECALVTP5_ROCID,17,4,23,3,7,SBS_ECALVTP6_ROCID,1,7
1124,46,10,SBS_ECALVTP5_ROCID,17,5,23,3,8,SBS_ECALVTP6_ROCID,1,8
1125,46,11,SBS_ECALVTP5_ROCID,17,6,23,3,9,SBS_ECALVTP6_ROCID,1,9
1126,46,12,SBS_ECALVTP5_ROCID,17,7,24,3,10,SBS_ECALVTP6_ROCID,1,10
1127,46,13,SBS_ECALVTP5_ROCID,17,8,24,3,11,SBS_ECALVTP6_ROCID,1,11
1128,46,14,SBS_ECALVTP5_ROCID,17,9,24,3,12,SBS_ECALVTP6_ROCID,1,12
1129,46,15,SBS_ECALVTP5_ROCID,17,10,25,3,13,SBS_ECALVTP6_ROCID,1,13
1130,46,16,SBS_ECALVTP5_ROCID,17,11,25,3,14,SBS_ECALVTP6_ROCID,1,14
1131,46,17,SBS_ECALVTP5_ROCID,17,12,25,3,15,SBS_ECALVTP6_ROCID,1,15
1132,46,18,SBS_ECALVTP5_ROCID,17,13,26,3,16,SBS_ECALVTP6_ROCID,1,16
1133,46,19,SBS_ECALVTP5_ROCID,17,14,26,3,17,SBS_ECALVTP6_ROCID,1,17
1134,46,20,SBS_ECALVTP5_ROCID,17,15,26,3,18,SBS_ECALVTP6_ROCID,1,18
1135,46,21,SBS_ECALVTP5_ROCID,18,0,27,3,19,SBS_ECALVTP6_ROCID,1,19
1136,46,22,SBS_ECALVTP5_ROCID,18,1,27,3,20,SBS_ECALVTP6_ROCID,1,20
1137,46,23,SBS_ECALVTP5_ROCID,18,2,27,3,21,SBS_ECALVTP6_ROCID,1,21
1138,46,24,SBS_ECALVTP5_ROCID,18,3,28,3,22,SBS_ECALVTP6_ROCID,1,22
1139,46,25,SBS_ECALVTP5_ROCID,18,4,28,3,23,SBS_ECALVTP6_ROCID,1,23
1140,46,26,SBS_ECALVTP5_ROCID,18,5,28,3,24,SBS_ECALVTP6_ROCID,1,24
1141,46,27,SBS_ECALVTP5_ROCID,18,6,29,3,25,SBS_ECALVTP6_ROCID,1,25
1142,46,28,SBS_ECALVTP5_ROCID,18,7,29,3,26,SBS_ECALVTP6_ROCID,1,26
1143,47,2,SBS_ECALVTP5_ROCID,18,8,20,3,27,SBS_ECALVTP6_ROCID,1,27
1144,47,3,SBS_ECALVTP5_ROCID,18,9,21,3,28,SBS_ECALVTP6_ROCID,1,28
1145,47,4,SBS_ECALVTP5_ROCID,18,10,21,3,29,SBS_ECALVTP6_ROCID,1,29
1146,47,5,SBS_ECALVTP5_ROCID,18,11,21,3,30,SBS_ECALVTP6_ROCID,1,30
1147,47,6,SBS_ECALVTP5_ROCID,18,12,22,3,31,SBS_ECALVTP6_ROCID,1,31
1148,47,7,SBS_ECALVTP5_ROCID,18,13,22,4,0,SBS_ECALVTP6_ROCID,2,0
1149,47,8,SBS_ECALVTP5_ROCID,18,14,22,4,1,SBS_ECALVTP6_ROCID,2,1
1150,47,9,SBS_ECALVTP5_ROCID,18,15,23,4,2,SBS_ECALVTP6_ROCID,2,2
1151,47,10,SBS_ECALVTP5_ROCID,19,0,23,4,3,SBS_ECALVTP6_ROCID,2,3
1152,47,11,SBS_ECALVTP5_ROCID,19,1,23,4,4,SBS_ECALVTP6_ROCID,2,4
1153,47,12,SBS_ECALVTP5_ROCID,19,2,24,4,5,SBS_ECALVTP6_ROCID,2,5
1154,47,13,SBS_ECALVTP5_ROCID,19,3,24,4,6,SBS_ECALVTP6_ROCID,2,6
1155,47,14,SBS_ECALVTP5_ROCID,19,4,24,4,7,SBS_ECALVTP6_ROCID,2,7
1156,47,15,SBS_ECALVTP5_ROCID,19,5,25,4,8,SBS_ECALVTP6_ROCID,2,8
1157,47,16,SBS_ECALVTP5_ROCID,19,6,25,4,9,SBS_ECALVTP6_ROCID,2,9
1158,47,17,SBS_ECALVTP5_ROCID,19,7,25,4,10,SBS_ECALVTP6_ROCID,2,10
1159,47,18,SBS_ECALVTP5_ROCID,19,8,26,4,11,SBS_ECALVTP6_ROCID,2,11
1160,47,19,SBS_ECALVTP5_ROCID,19,9,26,4,12,SBS_ECALVTP6_ROCID,2,12
1161,47,20,SBS_ECALVTP5_ROCID,19,10,26,4,13,SBS_ECALVTP6_ROCID,2,13
1162,47,21,SBS_ECALVTP5_ROCID,19,11,27,4,14,SBS_ECALVTP6_ROCID,2,14
1163,47,22,SBS_ECALVTP5_ROCID,19,12,27,4,15,SBS_ECALVTP6_ROCID,2,15
1164,47,23,SBS_ECALVTP5_ROCID,19,13,27,4,16,SBS_ECALVTP6_ROCID,2,16
1165,47,24,SBS_ECALVTP5_ROCID,19,14,28,4,17,SBS_ECALVTP6_ROCID,2,17
1166,47,25,SBS_ECALVTP5_ROCID,19,15,28,4,18,SBS_ECALVTP6_ROCID,2,18
1167,47,26,SBS_ECALVTP5_ROCID,20,0,28,4,19,SBS_ECALVTP6_ROCID,2,19
1168,47,27,SBS_ECALVTP5_ROCID,20,1,29,4,20,SBS_ECALVTP6_ROCID,2,20
1169,47,28,SBS_ECALVTP5_ROCID,20,2,29,4,21,SBS_ECALVTP6_ROCID,2,21
1170,48,2,SBS_ECALVTP6_ROCID,3,0,0,1,0,SBS_ECALVTP5_ROCID,3,0
1171,48,3,SBS_ECALVTP6_ROCID,3,1,1,1,1,SBS_ECALVTP5_ROCID,3,1
1172,48,4,SBS_ECALVTP6_ROCID,3,2,1,1,2,SBS_ECALVTP5_ROCID,3,2
1173,48,5,SBS_ECALVTP6_ROCID,3,3,1,1,3,SBS_ECALVTP5_ROCID,3,3
1174,48,6,SBS_ECALVTP6_ROCID,3,4,2,1,4,SBS_ECALVTP5_ROCID,3,4
1175,48,7,SBS_ECALVTP6_ROCID,3,5,2,1,5,SBS_ECALVTP5_ROCID,3,5
1176,48,8,SBS_ECALVTP6_ROCID,3,6,2,1,6,SBS_ECALVTP5_ROCID,3,6
1177,48,9,SBS_ECALVTP6_ROCID,3,7,3,1,7,SBS_ECALVTP5_ROCID,3,7
1178,48,10,SBS_ECALVTP6_ROCID,3,8,3,1,8,SBS_ECALVTP5_ROCID,3,8
1179,48,11,SBS_ECALVTP6_ROCID,3,9,3,1,9,SBS_ECALVTP5_ROCID,3,9
1180,48,12,SBS_ECALVTP6_ROCID,3,10,4,1,10,SBS_ECALVTP5_ROCID,3,10
1181,48,13,SBS_ECALVTP6_ROCID,3,11,4,1,11,SBS_ECALVTP5_ROCID,3,11
1182,48,14,SBS_ECALVTP6_ROCID,3,12,4,1,12,SBS_ECALVTP5_ROCID,3,12
1183,48,15,SBS_ECALVTP6_ROCID,3,13,5,1,13,SBS_ECALVTP5_ROCID,3,13
1184,48,16,SBS_ECALVTP6_ROCID,3,14,5,1,14,SBS_ECALVTP5_ROCID,3,14
1185,48,17,SBS_ECALVTP6_ROCID,3,15,5,1,15,SBS_ECALVTP5_ROCID,3,15
1186,48,18,SBS_ECALVTP6_ROCID,4,0,6,1,16,SBS_ECALVTP5_ROCID,3,16
1187,48,19,SBS_ECALVTP6_ROCID,4,1,6,1,17,SBS_ECALVTP5_ROCID,3,17
1188,48,20,SBS_ECALVTP6_ROCID,4,2,6,1,18,SBS_ECALVTP5_ROCID,3,18
1189,48,21,SBS_ECALVTP6_ROCID,4,3,7,1,19,SBS_ECALVTP5_ROCID,3,19
1190,48,22,SBS_ECALVTP6_ROCID,4,4,7,1,20,SBS_ECALVTP5_ROCID,3,20
1191,48,23,SBS_ECALVTP6_ROCID,4,5,7,1,21,SBS_ECALVTP5_ROCID,3,21
1192,48,24,SBS_ECALVTP6_ROCID,4,6,8,1,22,SBS_ECALVTP5_ROCID,3,22
1193,48,25,SBS_ECALVTP6_ROCID,4,7,8,1,23,SBS_ECALVTP5_ROCID,3,23
1194,48,26,SBS_ECALVTP6_ROCID,4,8,8,1,24,SBS_ECALVTP5_ROCID,3,24
1195,48,27,SBS_ECALVTP6_ROCID,4,9,9,1,25,SBS_ECALVTP5_ROCID,3,25
1196,48,28,SBS_ECALVTP6_ROCID,4,10,9,1,26,SBS_ECALVTP5_ROCID,3,26
1197,49,2,SBS_ECALVTP6_ROCID,4,11,0,1,27,SBS_ECALVTP5_ROCID,3,27
1198,49,3,SBS_ECALVTP6_ROCID,4,12,1,1,28,SBS_ECALVTP5_ROCID,3,28
1199,49,4,SBS_ECALVTP6_ROCID,4,13,1,1,29,SBS_ECALVTP5_ROCID,3,29
1200,49,5,SBS_ECALVTP6_ROCID,4,14,1,1,30,SBS_ECALVTP5_ROCID,3,30
1201,49,6,SBS_ECALVTP6_ROCID,4,15,2,1,31,SBS_ECALVTP5_ROCID,3,31
1202,49,7,SBS_ECALVTP6_ROCID,5,0,2,2,0,SBS_ECALVTP5_ROCID,4,0
1203,49,8,SBS_ECALVTP6_ROCID,5,1,2,2,1,SBS_ECALVTP5_ROCID,4,1
1204,49,9,SBS_ECALVTP6_ROCID,5,2,3,2,2,SBS_ECALVTP5_ROCID,4,2
1205,49,10,SBS_ECALVTP6_ROCID,5,3,3,2,3,SBS_ECALVTP5_ROCID,4,3
1206,49,11,SBS_ECALVTP6_ROCID,5,4,3,2,4,SBS_ECALVTP5_ROCID,4,4
1207,49,12,SBS_ECALVTP6_ROCID,5,5,4,2,5,SBS_ECALVTP5_ROCID,4,5
1208,49,13,SBS_ECALVTP6_ROCID,5,6,4,2,6,SBS_ECALVTP5_ROCID,4,6
1209,49,14,SBS_ECALVTP6_ROCID,5,7,4,2,7,SBS_ECALVTP5_ROCID,4,7
1210,49,15,SBS_ECALVTP6_ROCID,5,8,5,2,8,SBS_ECALVTP5_ROCID,4,8
1211,49,16,SBS_ECALVTP6_ROCID,5,9,5,2,9,SBS_ECALVTP5_ROCID,4,9
1212,49,17,SBS_ECALVTP6_ROCID,5,10,5,2,10,SBS_ECALVTP5_ROCID,4,10
1213,49,18,SBS_ECALVTP6_ROCID,5,11,6,2,11,SBS_ECALVTP5_ROCID,4,11
1214,49,19,SBS_ECALVTP6_ROCID,5,12,6,2,12,SBS_ECALVTP5_ROCID,4,12
1215,49,20,SBS_ECALVTP6_ROCID,5,13,6,2,13,SBS_ECALVTP5_ROCID,4,13
1216,49,21,SBS_ECALVTP6_ROCID,5,14,7,2,14,SBS_ECALVTP5_ROCID,4,14
1217,49,22,SBS_ECALVTP6_ROCID,5,15,7,2,15,SBS_ECALVTP5_ROCID,4,15
1218,49,23,SBS_ECALVTP6_ROCID,6,0,7,2,16,SBS_ECALVTP5_ROCID,4,16
1219,49,24,SBS_ECALVTP6_ROCID,6,1,8,2,17,SBS_ECALVTP5_ROCID,4,17
1220,49,25,SBS_ECALVTP6_ROCID,6,2,8,2,18,SBS_ECALVTP5_ROCID,4,18
1221,49,26,SBS_ECALVTP6_ROCID,6,3,8,2,19,SBS_ECALVTP5_ROCID,4,19
1222,49,27,SBS_ECALVTP6_ROCID,6,4,9,2,20,SBS_ECALVTP5_ROCID,4,20
1223,49,28,SBS_ECALVTP6_ROCID,6,5,9,2,21,SBS_ECALVTP5_ROCID,4,21
1224,50,2,SBS_ECALVTP6_ROCID,6,6,0,-1,-1,None,-1,-1
1225,50,3,SBS_ECALVTP6_ROCID,6,7,1,-1,-1,None,-1,-1
1226,50,4,SBS_ECALVTP6_ROCID,6,8,1,-1,-1,None,-1,-1
1227,50,5,SBS_ECALVTP6_ROCID,6,9,1,-1,-1,None,-1,-1
1228,50,6,SBS_ECALVTP6_ROCID,6,10,2,-1,-1,None,-1,-1
1229,50,7,SBS_ECALVTP6_ROCID,6,11,2,-1,-1,None,-1,-1
1230,50,8,SBS_ECALVTP6_ROCID,6,12,2,-1,-1,None,-1,-1
1231,50,9,SBS_ECALVTP6_ROCID,6,13,3,-1,-1,None,-1,-1
1232,50,10,SBS_ECALVTP6_ROCID,6,14,3,-1,-1,None,-1,-1
1233,50,11,SBS_ECALVTP6_ROCID,6,15,3,-1,-1,None,-1,-1
1234,50,12,SBS_ECALVTP6_ROCID,7,0,4,-1,-1,None,-1,-1
1235,50,13,SBS_ECALVTP6_ROCID,7,1,4,-1,-1,None,-1,-1
1236,50,14,SBS_ECALVTP6_ROCID,7,2,4,-1,-1,None,-1,-1
1237,50,15,SBS_ECALVTP6_ROCID,7,3,5,-1,-1,None,-1,-1
1238,50,16,SBS_ECALVTP6_ROCID,7,4,5,-1,-1,None,-1,-1
1239,50,17,SBS_ECALVTP6_ROCID,7,5,5,-1,-1,None,-1,-1
1240,50,18,SBS_ECALVTP6_ROCID,7,6,6,-1,-1,None,-1,-1
1241,50,19,SBS_ECALVTP6_ROCID,7,7,6,-1,-1,None,-1,-1
1242,50,20,SBS_ECALVTP6_ROCID,7,8,6,-1,-1,None,-1,-1
1243,50,21,SBS_ECALVTP6_ROCID,7,9,7,-1,-1,None,-1,-1
1244,50,22,SBS_ECALVTP6_ROCID,7,10,7,-1,-1,None,-1,-1
1245,50,23,SBS_ECALVTP6_ROCID,7,11,7,-1,-1,None,-1,-1
1246,50,24,SBS_ECALVTP6_ROCID,7,12,8,-1,-1,None,-1,-1
1247,50,25,SBS_ECALVTP6_ROCID,7,13,8,-1,-1,None,-1,-1
1248,50,26,SBS_ECALVTP6_ROCID,7,14,8,-1,-1,None,-1,-1
1249,50,27,SBS_ECALVTP6_ROCID,7,15,9,-1,-1,None,-1,-1
1250,50,28,SBS_ECALVTP6_ROCID,8,0,9,-1,-1,None,-1,-1
1251,51,2,SBS_ECALVTP6_ROCID,8,1,10,-1,-1,None,-1,-1
1252,51,3,SBS_ECALVTP6_ROCID,8,2,11,-1,-1,None,-1,-1
1253,51,4,SBS_ECALVTP6_ROCID,8,3,11,-1,-1,None,-1,-1
1254,51,5,SBS_ECALVTP6_ROCID,8,4,11,-1,-1,None,-1,-1
1255,51,6,SBS_ECALVTP6_ROCID,8,5,12,-1,-1,None,-1,-1
1256,51,7,SBS_ECALVTP6_ROCID,8,6,12,-1,-1,None,-1,-1
1257,51,8,SBS_ECALVTP6_ROCID,8,7,12,-1,-1,None,-1,-1
1258,51,9,SBS_ECALVTP6_ROCID,8,8,13,-1,-1,None,-1,-1
1259,51,10,SBS_ECALVTP6_ROCID,8,9,13,-1,-1,None,-1,-1
1260,51,11,SBS_ECALVTP6_ROCID,8,10,13,-1,-1,None,-1,-1
1261,51,12,SBS_ECALVTP6_ROCID,8,11,14,-1,-1,None,-1,-1
1262,51,13,SBS_ECALVTP6_ROCID,8,12,14,-1,-1,None,-1,-1
1263,51,14,SBS_ECALVTP6_ROCID,8,13,14,-1,-1,None,-1,-1
1264,51,15,SBS_ECALVTP6_ROCID,8,14,15,-1,-1,None,-1,-1
1265,51,16,SBS_ECALVTP6_ROCID,8,15,15,-1,-1,None,-1,-1
1266,51,17,SBS_ECALVTP6_ROCID,9,0,15,-1,-1,None,-1,-1
1267,51,18,SBS_ECALVTP6_ROCID,9,1,16,-1,-1,None,-1,-1
1268,51,19,SBS_ECALVTP6_ROCID,9,2,16,-1,-1,None,-1,-1
1269,51,20,SBS_ECALVTP6_ROCID,9,3,16,-1,-1,None,-1,-1
1270,51,21,SBS_ECALVTP6_ROCID,9,4,17,-1,-1,None,-1,-1
1271,51,22,SBS_ECALVTP6_ROCID,9,5,17,-1,-1,None,-1,-1
1272,51,23,SBS_ECALVTP6_ROCID,9,6,17,-1,-1,None,-1,-1
1273,51,24,SBS_ECALVTP6_ROCID,9,7,18,-1,-1,None,-1,-1
1274,51,25,SBS_ECALVTP6_ROCID,9,8,18,-1,-1,None,-1,-1
1275,51,26,SBS_ECALVTP6_ROCID,9,9,18,-1,-1,None,-1,-1
1276,51,27,SBS_ECALVTP6_ROCID,9,10,19,-1,-1,None,-1,-1
1277,51,28,SBS_ECALVTP6_ROCID,9,11,19,-1,-1,None,-1,-1
1278,52,2,SBS_ECALVTP6_ROCID,9,12,10,-1,-1,None,-1,-1
1279,52,3,SBS_ECALVTP6_ROCID,9,13,11,-1,-1,None,-1,-1
1280,52,4,SBS_ECALVTP6_ROCID,9,14,11,-1,-1,None,-1,-1
1281,52,5,SBS_ECALVTP6_ROCID,9,15,11,-1,-1,None,-1,-1
1282,52,6,SBS_ECALVTP6_ROCID,10,0,12,-1,-1,None,-1,-1
1283,52,7,SBS_ECALVTP6_ROCID,10,1,12,-1,-1,None,-1,-1
1284,52,8,SBS_ECALVTP6_ROCID,10,2,12,-1,-1,None,-1,-1
1285,52,9,SBS_ECALVTP6_ROCID,10,3,13,-1,-1,None,-1,-1
1286,52,10,SBS_ECALVTP6_ROCID,10,4,13,-1,-1,None,-1,-1
1287,52,11,SBS_ECALVTP6_ROCID,10,5,13,-1,-1,None,-1,-1
1288,52,12,SBS_ECALVTP6_ROCID,10,6,14,-1,-1,None,-1,-1
1289,52,13,SBS_ECALVTP6_ROCID,10,7,14,-1,-1,None,-1,-1
1290,52,14,SBS_ECALVTP6_ROCID,10,8,14,-1,-1,None,-1,-1
1291,52,15,SBS_ECALVTP6_ROCID,10,9,15,-1,-1,None,-1,-1
1292,52,16,SBS_ECALVTP6_ROCID,10,10,15,-1,-1,None,-1,-1
1293,52,17,SBS_ECALVTP6_ROCID,10,11,15,-1,-1,None,-1,-1
1294,52,18,SBS_ECALVTP6_ROCID,10,12,16,-1,-1,None,-1,-1
1295,52,19,SBS_ECALVTP6_ROCID,10,13,16,-1,-1,None,-1,-1
1296,52,20,SBS_ECALVTP6_ROCID,10,14,16,-1,-1,None,-1,-1
1297,52,21,SBS_ECALVTP6_ROCID,10,15,17,-1,-1,None,-1,-1
1298,52,22,SBS_ECALVTP6_ROCID,13,0,17,-1,-1,None,-1,-1
1299,52,23,SBS_ECALVTP6_ROCID,13,1,17,-1,-1,None,-1,-1
1300,52,24,SBS_ECALVTP6_ROCID,13,2,18,-1,-1,None,-1,-1
1301,52,25,SBS_ECALVTP6_ROCID,13,3,18,-1,-1,None,-1,-1
1302,52,26,SBS_ECALVTP6_ROCID,13,4,18,-1,-1,None,-1,-1
1303,52,27,SBS_ECALVTP6_ROCID,13,5,19,-1,-1,None,-1,-1
1304,52,28,SBS_ECALVTP6_ROCID,13,6,19,-1,-1,None,-1,-1
1305,53,2,SBS_ECALVTP6_ROCID,13,7,10,-1,-1,None,-1,-1
1306,53,3,SBS_ECALVTP6_ROCID,13,8,11,-1,-1,None,-1,-1
1307,53,4,SBS_ECALVTP6_ROCID,13,9,11,-1,-1,None,-1,-1
1308,53,5,SBS_ECALVTP6_ROCID,13,10,11,-1,-1,None,-1,-1
1309,53,6,SBS_ECALVTP6_ROCID,13,11,12,-1,-1,None,-1,-1
1310,53,7,SBS_ECALVTP6_ROCID,13,12,12,-1,-1,None,-1,-1
1311,53,8,SBS_ECALVTP6_ROCID,13,13,12,-1,-1,None,-1,-1
1312,53,9,SBS_ECALVTP6_ROCID,13,14,13,-1,-1,None,-1,-1
1313,53,10,SBS_ECALVTP6_ROCID,13,15,13,-1,-1,None,-1,-1
1314,53,11,SBS_ECALVTP6_ROCID,14,0,13,-1,-1,None,-1,-1
1315,53,12,SBS_ECALVTP6_ROCID,14,1,14,-1,-1,None,-1,-1
1316,53,13,SBS_ECALVTP6_ROCID,14,2,14,-1,-1,None,-1,-1
1317,53,14,SBS_ECALVTP6_ROCID,14,3,14,-1,-1,None,-1,-1
1318,53,15,SBS_ECALVTP6_ROCID,14,4,15,-1,-1,None,-1,-1
1319,53,16,SBS_ECALVTP6_ROCID,14,5,15,-1,-1,None,-1,-1
1320,53,17,SBS_ECALVTP6_ROCID,14,6,15,-1,-1,None,-1,-1
1321,53,18,SBS_ECALVTP6_ROCID,14,7,16,-1,-1,None,-1,-1
1322,53,19,SBS_ECALVTP6_ROCID,14,8,16,-1,-1,None,-1,-1
1323,53,20,SBS_ECALVTP6_ROCID,14,9,16,-1,-1,None,-1,-1
1324,53,21,SBS_ECALVTP6_ROCID,14,10,17,-1,-1,None,-1,-1
1325,53,22,SBS_ECALVTP6_ROCID,14,11,17,-1,-1,None,-1,-1
1326,53,23,SBS_ECALVTP6_ROCID,14,12,17,-1,-1,None,-1,-1
1327,53,24,SBS_ECALVTP6_ROCID,14,13,18,-1,-1,None,-1,-1
1328,53,25,SBS_ECALVTP6_ROCID,14,14,18,-1,-1,None,-1,-1
1329,53,26,SBS_ECALVTP6_ROCID,14,15,18,-1,-1,None,-1,-1
1330,53,27,SBS_ECALVTP6_ROCID,15,0,19,-1,-1,None,-1,-1
1331,53,28,SBS_ECALVTP6_ROCID,15,1,19,-1,-1,None,-1,-1
1332,54,2,SBS_ECALVTP6_ROCID,15,2,20,-1,-1,None,-1,-1
1333,54,3,SBS_ECALVTP6_ROCID,15,3,21,-1,-1,None,-1,-1
1334,54,4,SBS_ECALVTP6_ROCID,15,4,21,-1,-1,None,-1,-1
1335,54,5,SBS_ECALVTP6_ROCID,15,5,21,-1,-1,None,-1,-1
1336,54,6,SBS_ECALVTP6_ROCID,15,6,22,-1,-1,None,-1,-1
1337,54,7,SBS_ECALVTP6_ROCID,15,7,22,-1,-1,None,-1,-1
1338,54,8,SBS_ECALVTP6_ROCID,15,8,22,-1,-1,None,-1,-1
1339,54,9,SBS_ECALVTP6_ROCID,15,9,23,-1,-1,None,-1,-1
1340,54,10,SBS_ECALVTP6_ROCID,15,10,23,-1,-1,None,-1,-1
1341,54,11,SBS_ECALVTP6_ROCID,15,11,23,-1,-1,None,-1,-1
1342,54,12,SBS_ECALVTP6_ROCID,15,12,24,-1,-1,None,-1,-1
1343,54,13,SBS_ECALVTP6_ROCID,15,13,24,-1,-1,None,-1,-1
1344,54,14,SBS_ECALVTP6_ROCID,15,14,24,-1,-1,None,-1,-1
1345,54,15,SBS_ECALVTP6_ROCID,15,15,25,-1,-1,None,-1,-1
1346,54,16,SBS_ECALVTP6_ROCID,16,0,25,-1,-1,None,-1,-1
1347,54,17,SBS_ECALVTP6_ROCID,16,1,25,-1,-1,None,-1,-1
1348,54,18,SBS_ECALVTP6_ROCID,16,2,26,-1,-1,None,-1,-1
1349,54,19,SBS_ECALVTP6_ROCID,16,3,26,-1,-1,None,-1,-1
1350,54,20,SBS_ECALVTP6_ROCID,16,4,26,-1,-1,None,-1,-1
1351,54,21,SBS_ECALVTP6_ROCID,16,5,27,-1,-1,None,-1,-1
1352,54,22,SBS_ECALVTP6_ROCID,16,6,27,-1,-1,None,-1,-1
1353,54,23,SBS_ECALVTP6_ROCID,16,7,27,-1,-1,None,-1,-1
1354,54,24,SBS_ECALVTP6_ROCID,16,8,28,-1,-1,None,-1,-1
1355,54,25,SBS_ECALVTP6_ROCID,16,9,28,-1,-1,None,-1,-1
1356,55,2,SBS_ECALVTP6_ROCID,16,10,20,3,0,SBS_ECALVTP7_ROCID,1,0
1357,55,3,SBS_ECALVTP6_ROCID,16,11,21,3,1,SBS_ECALVTP7_ROCID,1,1
1358,55,4,SBS_ECALVTP6_ROCID,16,12,21,3,2,SBS_ECALVTP7_ROCID,1,2
1359,55,5,SBS_ECALVTP6_ROCID,16,13,21,3,3,SBS_ECALVTP7_ROCID,1,3
1360,55,6,SBS_ECALVTP6_ROCID,16,14,22,3,4,SBS_ECALVTP7_ROCID,1,4
1361,55,7,SBS_ECALVTP6_ROCID,16,15,22,3,5,SBS_ECALVTP7_ROCID,1,5
1362,55,8,SBS_ECALVTP6_ROCID,17,0,22,3,6,SBS_ECALVTP7_ROCID,1,6
1363,55,9,SBS_ECALVTP6_ROCID,17,1,23,3,7,SBS_ECALVTP7_ROCID,1,7
1364,55,10,SBS_ECALVTP6_ROCID,17,2,23,3,8,SBS_ECALVTP7_ROCID,1,8
1365,55,11,SBS_ECALVTP6_ROCID,17,3,23,3,9,SBS_ECALVTP7_ROCID,1,9
1366,55,12,SBS_ECALVTP6_ROCID,17,4,24,3,10,SBS_ECALVTP7_ROCID,1,10
1367,55,13,SBS_ECALVTP6_ROCID,17,5,24,3,11,SBS_ECALVTP7_ROCID,1,11
1368,55,14,SBS_ECALVTP6_ROCID,17,6,24,3,12,SBS_ECALVTP7_ROCID,1,12
1369,55,15,SBS_ECALVTP6_ROCID,17,7,25,3,13,SBS_ECALVTP7_ROCID,1,13
1370,55,16,SBS_ECALVTP6_ROCID,17,8,25,3,14,SBS_ECALVTP7_ROCID,1,14
1371,55,17,SBS_ECALVTP6_ROCID,17,9,25,3,15,SBS_ECALVTP7_ROCID,1,15
1372,55,18,SBS_ECALVTP6_ROCID,17,10,26,3,16,SBS_ECALVTP7_ROCID,1,16
1373,55,19,SBS_ECALVTP6_ROCID,17,11,26,3,17,SBS_ECALVTP7_ROCID,1,17
1374,55,20,SBS_ECALVTP6_ROCID,17,12,26,3,18,SBS_ECALVTP7_ROCID,1,18
1375,55,21,SBS_ECALVTP6_ROCID,17,13,27,3,19,SBS_ECALVTP7_ROCID,1,19
1376,55,22,SBS_ECALVTP6_ROCID,17,14,27,3,20,SBS_ECALVTP7_ROCID,1,20
1377,55,23,SBS_ECALVTP6_ROCID,17,15,27,3,21,SBS_ECALVTP7_ROCID,1,21
1378,55,24,SBS_ECALVTP6_ROCID,18,0,28,3,22,SBS_ECALVTP7_ROCID,1,22
1379,55,25,SBS_ECALVTP6_ROCID,18,1,28,3,23,SBS_ECALVTP7_ROCID,1,23
1380,56,2,SBS_ECALVTP6_ROCID,18,2,20,3,24,SBS_ECALVTP7_ROCID,1,24
1381,56,3,SBS_ECALVTP6_ROCID,18,3,21,3,25,SBS_ECALVTP7_ROCID,1,25
1382,56,4,SBS_ECALVTP6_ROCID,18,4,21,3,26,SBS_ECALVTP7_ROCID,1,26
1383,56,5,SBS_ECALVTP6_ROCID,18,5,21,3,27,SBS_ECALVTP7_ROCID,1,27
1384,56,6,SBS_ECALVTP6_ROCID,18,6,22,3,28,SBS_ECALVTP7_ROCID,1,28
1385,56,7,SBS_ECALVTP6_ROCID,18,7,22,3,29,SBS_ECALVTP7_ROCID,1,29
1386,56,8,SBS_ECALVTP6_ROCID,18,8,22,3,30,SBS_ECALVTP7_ROCID,1,30
1387,56,9,SBS_ECALVTP6_ROCID,18,9,23,3,31,SBS_ECALVTP7_ROCID,1,31
1388,56,10,SBS_ECALVTP6_ROCID,18,10,23,4,0,SBS_ECALVTP7_ROCID,2,0
1389,56,11,SBS_ECALVTP6_ROCID,18,11,23,4,1,SBS_ECALVTP7_ROCID,2,1
1390,56,12,SBS_ECALVTP6_ROCID,18,12,24,4,2,SBS_ECALVTP7_ROCID,2,2
1391,56,13,SBS_ECALVTP6_ROCID,18,13,24,4,3,SBS_ECALVTP7_ROCID,2,3
1392,56,14,SBS_ECALVTP6_ROCID,18,14,24,4,4,SBS_ECALVTP7_ROCID,2,4
1393,56,15,SBS_ECALVTP6_ROCID,18,15,25,4,5,SBS_ECALVTP7_ROCID,2,5
1394,56,16,SBS_ECALVTP6_ROCID,19,0,25,4,6,SBS_ECALVTP7_ROCID,2,6
1395,56,17,SBS_ECALVTP6_ROCID,19,1,25,4,7,SBS_ECALVTP7_ROCID,2,7
1396,56,18,SBS_ECALVTP6_ROCID,19,2,26,4,8,SBS_ECALVTP7_ROCID,2,8
1397,56,19,SBS_ECALVTP6_ROCID,19,3,26,4,9,SBS_ECALVTP7_ROCID,2,9
1398,56,20,SBS_ECALVTP6_ROCID,19,4,26,4,10,SBS_ECALVTP7_ROCID,2,10
1399,56,21,SBS_ECALVTP6_ROCID,19,5,27,4,11,SBS_ECALVTP7_ROCID,2,11
1400,56,22,SBS_ECALVTP6_ROCID,19,6,27,4,12,SBS_ECALVTP7_ROCID,2,12
1401,56,23,SBS_ECALVTP6_ROCID,19,7,27,4,13,SBS_ECALVTP7_ROCID,2,13
1402,56,24,SBS_ECALVTP6_ROCID,19,8,28,4,14,SBS_ECALVTP7_ROCID,2,14
1403,56,25,SBS_ECALVTP6_ROCID,19,9,28,4,15,SBS_ECALVTP7_ROCID,2,15
1404,57,0,SBS_ECALVTP7_ROCID,3,0,0,1,0,SBS_ECALVTP6_ROCID,3,0
1405,57,1,SBS_ECALVTP7_ROCID,3,1,0,1,1,SBS_ECALVTP6_ROCID,3,1
1406,57,2,SBS_ECALVTP7_ROCID,3,2,0,1,2,SBS_ECALVTP6_ROCID,3,2
1407,57,3,SBS_ECALVTP7_ROCID,3,3,1,1,3,SBS_ECALVTP6_ROCID,3,3
1408,57,4,SBS_ECALVTP7_ROCID,3,4,1,1,4,SBS_ECALVTP6_ROCID,3,4
1409,57,5,SBS_ECALVTP7_ROCID,3,5,1,1,5,SBS_ECALVTP6_ROCID,3,5
1410,57,6,SBS_ECALVTP7_ROCID,3,6,2,1,6,SBS_ECALVTP6_ROCID,3,6
1411,57,7,SBS_ECALVTP7_ROCID,3,7,2,1,7,SBS_ECALVTP6_ROCID,3,7
1412,57,8,SBS_ECALVTP7_ROCID,3,8,2,1,8,SBS_ECALVTP6_ROCID,3,8
1413,57,9,SBS_ECALVTP7_ROCID,3,9,3,1,9,SBS_ECALVTP6_ROCID,3,9
1414,57,10,SBS_ECALVTP7_ROCID,3,10,3,1,10,SBS_ECALVTP6_ROCID,3,10
1415,57,11,SBS_ECALVTP7_ROCID,3,11,3,1,11,SBS_ECALVTP6_ROCID,3,11
1416,57,12,SBS_ECALVTP7_ROCID,3,12,4,1,12,SBS_ECALVTP6_ROCID,3,12
1417,57,13,SBS_ECALVTP7_ROCID,3,13,4,1,13,SBS_ECALVTP6_ROCID,3,13
1418,57,14,SBS_ECALVTP7_ROCID,3,14,4,1,14,SBS_ECALVTP6_ROCID,3,14
1419,57,15,SBS_ECALVTP7_ROCID,3,15,5,1,15,SBS_ECALVTP6_ROCID,3,15
1420,57,16,SBS_ECALVTP7_ROCID,4,0,5,1,16,SBS_ECALVTP6_ROCID,3,16
1421,57,17,SBS_ECALVTP7_ROCID,4,1,5,1,17,SBS_ECALVTP6_ROCID,3,17
1422,57,18,SBS_ECALVTP7_ROCID,4,2,6,1,18,SBS_ECALVTP6_ROCID,3,18
1423,57,19,SBS_ECALVTP7_ROCID,4,3,6,1,19,SBS_ECALVTP6_ROCID,3,19
1424,57,20,SBS_ECALVTP7_ROCID,4,4,6,1,20,SBS_ECALVTP6_ROCID,3,20
1425,57,21,SBS_ECALVTP7_ROCID,4,5,7,1,21,SBS_ECALVTP6_ROCID,3,21
1426,57,22,SBS_ECALVTP7_ROCID,4,6,7,1,22,SBS_ECALVTP6_ROCID,3,22
1427,57,23,SBS_ECALVTP7_ROCID,4,7,7,1,23,SBS_ECALVTP6_ROCID,3,23
1428,58,0,SBS_ECALVTP7_ROCID,4,8,0,1,24,SBS_ECALVTP6_ROCID,3,24
1429,58,1,SBS_ECALVTP7_ROCID,4,9,0,1,25,SBS_ECALVTP6_ROCID,3,25
1430,58,2,SBS_ECALVTP7_ROCID,4,10,0,1,26,SBS_ECALVTP6_ROCID,3,26
1431,58,3,SBS_ECALVTP7_ROCID,4,11,1,1,27,SBS_ECALVTP6_ROCID,3,27
1432,58,4,SBS_ECALVTP7_ROCID,4,12,1,1,28,SBS_ECALVTP6_ROCID,3,28
1433,58,5,SBS_ECALVTP7_ROCID,4,13,1,1,29,SBS_ECALVTP6_ROCID,3,29
1434,58,6,SBS_ECALVTP7_ROCID,4,14,2,1,30,SBS_ECALVTP6_ROCID,3,30
1435,58,7,SBS_ECALVTP7_ROCID,4,15,2,1,31,SBS_ECALVTP6_ROCID,3,31
1436,58,8,SBS_ECALVTP7_ROCID,5,0,2,2,0,SBS_ECALVTP6_ROCID,4,0
1437,58,9,SBS_ECALVTP7_ROCID,5,1,3,2,1,SBS_ECALVTP6_ROCID,4,1
1438,58,10,SBS_ECALVTP7_ROCID,5,2,3,2,2,SBS_ECALVTP6_ROCID,4,2
1439,58,11,SBS_ECALVTP7_ROCID,5,3,3,2,3,SBS_ECALVTP6_ROCID,4,3
1440,58,12,SBS_ECALVTP7_ROCID,5,4,4,2,4,SBS_ECALVTP6_ROCID,4,4
1441,58,13,SBS_ECALVTP7_ROCID,5,5,4,2,5,SBS_ECALVTP6_ROCID,4,5
1442,58,14,SBS_ECALVTP7_ROCID,5,6,4,2,6,SBS_ECALVTP6_ROCID,4,6
1443,58,15,SBS_ECALVTP7_ROCID,5,7,5,2,7,SBS_ECALVTP6_ROCID,4,7
1444,58,16,SBS_ECALVTP7_ROCID,5,8,5,2,8,SBS_ECALVTP6_ROCID,4,8
1445,58,17,SBS_ECALVTP7_ROCID,5,9,5,2,9,SBS_ECALVTP6_ROCID,4,9
1446,58,18,SBS_ECALVTP7_ROCID,5,10,6,2,10,SBS_ECALVTP6_ROCID,4,10
1447,58,19,SBS_ECALVTP7_ROCID,5,11,6,2,11,SBS_ECALVTP6_ROCID,4,11
1448,58,20,SBS_ECALVTP7_ROCID,5,12,6,2,12,SBS_ECALVTP6_ROCID,4,12
1449,58,21,SBS_ECALVTP7_ROCID,5,13,7,2,13,SBS_ECALVTP6_ROCID,4,13
1450,58,22,SBS_ECALVTP7_ROCID,5,14,7,2,14,SBS_ECALVTP6_ROCID,4,14
1451,58,23,SBS_ECALVTP7_ROCID,5,15,7,2,15,SBS_ECALVTP6_ROCID,4,15
1452,59,0,SBS_ECALVTP7_ROCID,6,0,0,-1,-1,None,-1,-1
1453,59,1,SBS_ECALVTP7_ROCID,6,1,0,-1,-1,None,-1,-1
1454,59,2,SBS_ECALVTP7_ROCID,6,2,0,-1,-1,None,-1,-1
1455,59,3,SBS_ECALVTP7_ROCID,6,3,1,-1,-1,None,-1,-1
1456,59,4,SBS_ECALVTP7_ROCID,6,4,1,-1,-1,None,-1,-1
1457,59,5,SBS_ECALVTP7_ROCID,6,5,1,-1,-1,None,-1,-1
1458,59,6,SBS_ECALVTP7_ROCID,6,6,2,-1,-1,None,-1,-1
1459,59,7,SBS_ECALVTP7_ROCID,6,7,2,-1,-1,None,-1,-1
1460,59,8,SBS_ECALVTP7_ROCID,6,8,2,-1,-1,None,-1,-1
1461,59,9,SBS_ECALVTP7_ROCID,6,9,3,-1,-1,None,-1,-1
1462,59,10,SBS_ECALVTP7_ROCID,6,10,3,-1,-1,None,-1,-1
1463,59,11,SBS_ECALVTP7_ROCID,6,11,3,-1,-1,None,-1,-1
1464,59,12,SBS_ECALVTP7_ROCID,6,12,4,-1,-1,None,-1,-1
1465,59,13,SBS_ECALVTP7_ROCID,6,13,4,-1,-1,None,-1,-1
1466,59,14,SBS_ECALVTP7_ROCID,6,14,4,-1,-1,None,-1,-1
1467,59,15,SBS_ECALVTP7_ROCID,6,15,5,-1,-1,None,-1,-1
1468,59,16,SBS_ECALVTP7_ROCID,7,0,5,-1,-1,None,-1,-1
1469,59,17,SBS_ECALVTP7_ROCID,7,1,5,-1,-1,None,-1,-1
1470,59,18,SBS_ECALVTP7_ROCID,7,2,6,-1,-1,None,-1,-1
1471,59,19,SBS_ECALVTP7_ROCID,7,3,6,-1,-1,None,-1,-1
1472,59,20,SBS_ECALVTP7_ROCID,7,4,6,-1,-1,None,-1,-1
1473,59,21,SBS_ECALVTP7_ROCID,7,5,7,-1,-1,None,-1,-1
1474,59,22,SBS_ECALVTP7_ROCID,7,6,7,-1,-1,None,-1,-1
1475,59,23,SBS_ECALVTP7_ROCID,7,7,7,-1,-1,None,-1,-1
1476,60,1,SBS_ECALVTP7_ROCID,7,8,8,-1,-1,None,-1,-1
1477,60,2,SBS_ECALVTP7_ROCID,7,9,8,-1,-1,None,-1,-1
1478,60,3,SBS_ECALVTP7_ROCID,7,10,9,-1,-1,None,-1,-1
1479,60,4,SBS_ECALVTP7_ROCID,7,11,9,-1,-1,None,-1,-1
1480,60,5,SBS_ECALVTP7_ROCID,7,12,9,-1,-1,None,-1,-1
1481,60,6,SBS_ECALVTP7_ROCID,7,13,10,-1,-1,None,-1,-1
1482,60,7,SBS_ECALVTP7_ROCID,7,14,10,-1,-1,None,-1,-1
1483,60,8,SBS_ECALVTP7_ROCID,7,15,10,-1,-1,None,-1,-1
1484,60,9,SBS_ECALVTP7_ROCID,8,0,11,-1,-1,None,-1,-1
1485,60,10,SBS_ECALVTP7_ROCID,8,1,11,-1,-1,None,-1,-1
1486,60,11,SBS_ECALVTP7_ROCID,8,2,11,-1,-1,None,-1,-1
1487,60,12,SBS_ECALVTP7_ROCID,8,3,12,-1,-1,None,-1,-1
1488,60,13,SBS_ECALVTP7_ROCID,8,4,12,-1,-1,None,-1,-1
1489,60,14,SBS_ECALVTP7_ROCID,8,5,12,-1,-1,None,-1,-1
1490,60,15,SBS_ECALVTP7_ROCID,8,6,13,-1,-1,None,-1,-1
1491,60,16,SBS_ECALVTP7_ROCID,8,7,13,-1,-1,None,-1,-1
1492,60,17,SBS_ECALVTP7_ROCID,8,8,13,-1,-1,None,-1,-1
1493,60,18,SBS_ECALVTP7_ROCID,8,9,14,-1,-1,None,-1,-1
1494,60,19,SBS_ECALVTP7_ROCID,8,10,14,-1,-1,None,-1,-1
1495,60,20,SBS_ECALVTP7_ROCID,8,11,14,-1,-1,None,-1,-1
1496,60,21,SBS_ECALVTP7_ROCID,8,12,15,-1,-1,None,-1,-1
1497,61,1,SBS_ECALVTP7_ROCID,8,13,8,-1,-1,None,-1,-1
1498,61,2,SBS_ECALVTP7_ROCID,8,14,8,-1,-1,None,-1,-1
1499,61,3,SBS_ECALVTP7_ROCID,8,15,9,-1,-1,None,-1,-1
1500,61,4,SBS_ECALVTP7_ROCID,9,0,9,-1,-1,None,-1,-1
1501,61,5,SBS_ECALVTP7_ROCID,9,1,9,-1,-1,None,-1,-1
1502,61,6,SBS_ECALVTP7_ROCID,9,2,10,-1,-1,None,-1,-1
1503,61,7,SBS_ECALVTP7_ROCID,9,3,10,-1,-1,None,-1,-1
1504,61,8,SBS_ECALVTP7_ROCID,9,4,10,-1,-1,None,-1,-1
1505,61,9,SBS_ECALVTP7_ROCID,9,5,11,-1,-1,None,-1,-1
1506,61,10,SBS_ECALVTP7_ROCID,9,6,11,-1,-1,None,-1,-1
1507,61,11,SBS_ECALVTP7_ROCID,9,7,11,-1,-1,None,-1,-1
1508,61,12,SBS_ECALVTP7_ROCID,9,8,12,-1,-1,None,-1,-1
1509,61,13,SBS_ECALVTP7_ROCID,9,9,12,-1,-1,None,-1,-1
1510,61,14,SBS_ECALVTP7_ROCID,9,10,12,-1,-1,None,-1,-1
1511,61,15,SBS_ECALVTP7_ROCID,9,11,13,-1,-1,None,-1,-1
1512,61,16,SBS_ECALVTP7_ROCID,9,12,13,-1,-1,None,-1,-1
1513,61,17,SBS_ECALVTP7_ROCID,9,13,13,-1,-1,None,-1,-1
1514,61,18,SBS_ECALVTP7_ROCID,9,14,14,-1,-1,None,-1,-1
1515,61,19,SBS_ECALVTP7_ROCID,9,15,14,-1,-1,None,-1,-1
1516,61,20,SBS_ECALVTP7_ROCID,10,0,14,-1,-1,None,-1,-1
1517,61,21,SBS_ECALVTP7_ROCID,10,1,15,-1,-1,None,-1,-1
1518,62,1,SBS_ECALVTP7_ROCID,10,2,8,-1,-1,None,-1,-1
1519,62,2,SBS_ECALVTP7_ROCID,10,3,8,-1,-1,None,-1,-1
1520,62,3,SBS_ECALVTP7_ROCID,10,4,9,-1,-1,None,-1,-1
1521,62,4,SBS_ECALVTP7_ROCID,10,5,9,-1,-1,None,-1,-1
1522,62,5,SBS_ECALVTP7_ROCID,10,6,9,-1,-1,None,-1,-1
1523,62,6,SBS_ECALVTP7_ROCID,10,7,10,-1,-1,None,-1,-1
1524,62,7,SBS_ECALVTP7_ROCID,10,8,10,-1,-1,None,-1,-1
1525,62,8,SBS_ECALVTP7_ROCID,10,9,10,-1,-1,None,-1,-1
1526,62,9,SBS_ECALVTP7_ROCID,10,10,11,-1,-1,None,-1,-1
1527,62,10,SBS_ECALVTP7_ROCID,10,11,11,-1,-1,None,-1,-1
1528,62,11,SBS_ECALVTP7_ROCID,10,12,11,-1,-1,None,-1,-1
1529,62,12,SBS_ECALVTP7_ROCID,10,13,12,-1,-1,None,-1,-1
1530,62,13,SBS_ECALVTP7_ROCID,10,14,12,-1,-1,None,-1,-1
1531,62,14,SBS_ECALVTP7_ROCID,10,15,12,-1,-1,None,-1,-1
1532,62,15,SBS_ECALVTP7_ROCID,13,0,13,-1,-1,None,-1,-1
1533,62,16,SBS_ECALVTP7_ROCID,13,1,13,-1,-1,None,-1,-1
1534,62,17,SBS_ECALVTP7_ROCID,13,2,13,-1,-1,None,-1,-1
1535,62,18,SBS_ECALVTP7_ROCID,13,3,14,-1,-1,None,-1,-1
1536,62,19,SBS_ECALVTP7_ROCID,13,4,14,-1,-1,None,-1,-1
1537,62,20,SBS_ECALVTP7_ROCID,13,5,14,-1,-1,None,-1,-1
1538,62,21,SBS_ECALVTP7_ROCID,13,6,15,-1,-1,None,-1,-1
1539,63,0,SBS_ECALVTP7_ROCID,13,7,16,-1,-1,None,-1,-1
1540,63,1,SBS_ECALVTP7_ROCID,13,8,16,-1,-1,None,-1,-1
1541,63,2,SBS_ECALVTP7_ROCID,13,9,16,-1,-1,None,-1,-1
1542,63,3,SBS_ECALVTP7_ROCID,13,10,17,-1,-1,None,-1,-1
1543,63,4,SBS_ECALVTP7_ROCID,13,11,17,-1,-1,None,-1,-1
1544,63,5,SBS_ECALVTP7_ROCID,13,12,17,-1,-1,None,-1,-1
1545,63,6,SBS_ECALVTP7_ROCID,13,13,18,-1,-1,None,-1,-1
1546,63,7,SBS_ECALVTP7_ROCID,13,14,18,-1,-1,None,-1,-1
1547,63,8,SBS_ECALVTP7_ROCID,13,15,18,-1,-1,None,-1,-1
1548,63,9,SBS_ECALVTP7_ROCID,14,0,19,-1,-1,None,-1,-1
1549,63,10,SBS_ECALVTP7_ROCID,14,1,19,-1,-1,None,-1,-1
1550,63,11,SBS_ECALVTP7_ROCID,14,2,19,-1,-1,None,-1,-1
1551,63,12,SBS_ECALVTP7_ROCID,14,3,20,-1,-1,None,-1,-1
1552,63,13,SBS_ECALVTP7_ROCID,14,4,20,-1,-1,None,-1,-1
1553,63,14,SBS_ECALVTP7_ROCID,14,5,20,-1,-1,None,-1,-1
1554,63,15,SBS_ECALVTP7_ROCID,14,6,21,-1,-1,None,-1,-1
1555,63,16,SBS_ECALVTP7_ROCID,14,7,21,-1,-1,None,-1,-1
1556,63,17,SBS_ECALVTP7_ROCID,14,8,21,-1,-1,None,-1,-1
1557,63,18,SBS_ECALVTP7_ROCID,14,9,22,-1,-1,None,-1,-1
1558,63,19,SBS_ECALVTP7_ROCID,14,10,22,-1,-1,None,-1,-1
1559,63,20,SBS_ECALVTP7_ROCID,14,11,22,-1,-1,None,-1,-1
1560,64,0,SBS_ECALVTP7_ROCID,14,12,16,-1,-1,None,-1,-1
1561,64,1,SBS_ECALVTP7_ROCID,14,13,16,-1,-1,None,-1,-1
1562,64,2,SBS_ECALVTP7_ROCID,14,14,16,-1,-1,None,-1,-1
1563,64,3,SBS_ECALVTP7_ROCID,14,15,17,-1,-1,None,-1,-1
1564,64,4,SBS_ECALVTP7_ROCID,15,0,17,-1,-1,None,-1,-1
1565,64,5,SBS_ECALVTP7_ROCID,15,1,17,-1,-1,None,-1,-1
1566,64,6,SBS_ECALVTP7_ROCID,15,2,18,-1,-1,None,-1,-1
1567,64,7,SBS_ECALVTP7_ROCID,15,3,18,-1,-1,None,-1,-1
1568,64,8,SBS_ECALVTP7_ROCID,15,4,18,-1,-1,None,-1,-1
1569,64,9,SBS_ECALVTP7_ROCID,15,5,19,-1,-1,None,-1,-1
1570,64,10,SBS_ECALVTP7_ROCID,15,6,19,-1,-1,None,-1,-1
1571,64,11,SBS_ECALVTP7_ROCID,15,7,19,-1,-1,None,-1,-1
1572,64,12,SBS_ECALVTP7_ROCID,15,8,20,-1,-1,None,-1,-1
1573,64,13,SBS_ECALVTP7_ROCID,15,9,20,-1,-1,None,-1,-1
1574,64,14,SBS_ECALVTP7_ROCID,15,10,20,-1,-1,None,-1,-1
1575,64,15,SBS_ECALVTP7_ROCID,15,11,21,-1,-1,None,-1,-1
1576,64,16,SBS_ECALVTP7_ROCID,15,12,21,-1,-1,None,-1,-1
1577,64,17,SBS_ECALVTP7_ROCID,15,13,21,-1,-1,None,-1,-1
1578,64,18,SBS_ECALVTP7_ROCID,15,14,22,-1,-1,None,-1,-1
1579,64,19,SBS_ECALVTP7_ROCID,15,15,22,-1,-1,None,-1,-1
1580,64,20,SBS_ECALVTP7_ROCID,16,0,22,-1,-1,None,-1,-1
1581,65,0,SBS_ECALVTP7_ROCID,16,1,16,-1,-1,None,-1,-1
1582,65,1,SBS_ECALVTP7_ROCID,16,2,16,-1,-1,None,-1,-1
1583,65,2,SBS_ECALVTP7_ROCID,16,3,16,-1,-1,None,-1,-1
1584,65,3,SBS_ECALVTP7_ROCID,16,4,17,-1,-1,None,-1,-1
1585,65,4,SBS_ECALVTP7_ROCID,16,5,17,-1,-1,None,-1,-1
1586,65,5,SBS_ECALVTP7_ROCID,16,6,17,-1,-1,None,-1,-1
1587,65,6,SBS_ECALVTP7_ROCID,16,7,18,-1,-1,None,-1,-1
1588,65,7,SBS_ECALVTP7_ROCID,16,8,18,-1,-1,None,-1,-1
1589,65,8,SBS_ECALVTP7_ROCID,16,9,18,-1,-1,None,-1,-1
1590,65,9,SBS_ECALVTP7_ROCID,16,10,19,-1,-1,None,-1,-1
1591,65,10,SBS_ECALVTP7_ROCID,16,11,19,-1,-1,None,-1,-1
1592,65,11,SBS_ECALVTP7_ROCID,16,12,19,-1,-1,None,-1,-1
1593,65,12,SBS_ECALVTP7_ROCID,16,13,20,-1,-1,None,-1,-1
1594,65,13,SBS_ECALVTP7_ROCID,16,14,20,-1,-1,None,-1,-1
1595,65,14,SBS_ECALVTP7_ROCID,16,15,20,-1,-1,None,-1,-1
1596,65,15,SBS_ECALVTP7_ROCID,17,0,21,-1,-1,None,-1,-1
1597,65,16,SBS_ECALVTP7_ROCID,17,1,21,-1,-1,None,-1,-1
1598,65,17,SBS_ECALVTP7_ROCID,17,2,21,-1,-1,None,-1,-1
1599,65,18,SBS_ECALVTP7_ROCID,17,3,22,-1,-1,None,-1,-1
1600,65,19,SBS_ECALVTP7_ROCID,17,4,22,-1,-1,None,-1,-1
1601,65,20,SBS_ECALVTP7_ROCID,17,5,22,-1,-1,None,-1,-1
1602,66,1,SBS_ECALVTP7_ROCID,17,6,23,-1,-1,None,-1,-1
1603,66,2,SBS_ECALVTP7_ROCID,17,7,23,-1,-1,None,-1,-1
1604,66,3,SBS_ECALVTP7_ROCID,17,8,24,-1,-1,None,-1,-1
1605,66,4,SBS_ECALVTP7_ROCID,17,9,24,-1,-1,None,-1,-1
1606,66,5,SBS_ECALVTP7_ROCID,17,10,24,-1,-1,None,-1,-1
1607,66,6,SBS_ECALVTP7_ROCID,17,11,25,-1,-1,None,-1,-1
1608,66,7,SBS_ECALVTP7_ROCID,17,12,25,-1,-1,None,-1,-1
1609,66,8,SBS_ECALVTP7_ROCID,17,13,25,-1,-1,None,-1,-1
1610,66,9,SBS_ECALVTP7_ROCID,17,14,26,-1,-1,None,-1,-1
1611,66,10,SBS_ECALVTP7_ROCID,17,15,26,-1,-1,None,-1,-1
1612,66,11,SBS_ECALVTP7_ROCID,18,0,26,-1,-1,None,-1,-1
1613,66,12,SBS_ECALVTP7_ROCID,18,1,27,-1,-1,None,-1,-1
1614,66,13,SBS_ECALVTP7_ROCID,18,2,27,-1,-1,None,-1,-1
1615,66,14,SBS_ECALVTP7_ROCID,18,3,27,-1,-1,None,-1,-1
1616,66,15,SBS_ECALVTP7_ROCID,18,4,28,-1,-1,None,-1,-1
1617,66,16,SBS_ECALVTP7_ROCID,18,5,28,-1,-1,None,-1,-1
1618,66,17,SBS_ECALVTP7_ROCID,18,6,28,-1,-1,None,-1,-1
1619,66,18,SBS_ECALVTP7_ROCID,18,7,29,-1,-1,None,-1,-1
1620,67,1,SBS_ECALVTP7_ROCID,18,8,23,-1,-1,None,-1,-1
1621,67,2,SBS_ECALVTP7_ROCID,18,9,23,-1,-1,None,-1,-1
1622,67,3,SBS_ECALVTP7_ROCID,18,10,24,-1,-1,None,-1,-1
1623,67,4,SBS_ECALVTP7_ROCID,18,11,24,-1,-1,None,-1,-1
1624,67,5,SBS_ECALVTP7_ROCID,18,12,24,-1,-1,None,-1,-1
1625,67,6,SBS_ECALVTP7_ROCID,18,13,25,-1,-1,None,-1,-1
1626,67,7,SBS_ECALVTP7_ROCID,18,14,25,-1,-1,None,-1,-1
1627,67,8,SBS_ECALVTP7_ROCID,18,15,25,-1,-1,None,-1,-1
1628,67,9,SBS_ECALVTP7_ROCID,19,0,26,-1,-1,None,-1,-1
1629,67,10,SBS_ECALVTP7_ROCID,19,1,26,-1,-1,None,-1,-1
1630,67,11,SBS_ECALVTP7_ROCID,19,2,26,-1,-1,None,-1,-1
1631,67,12,SBS_ECALVTP7_ROCID,19,3,27,-1,-1,None,-1,-1
1632,67,13,SBS_ECALVTP7_ROCID,19,4,27,-1,-1,None,-1,-1
1633,67,14,SBS_ECALVTP7_ROCID,19,5,27,-1,-1,None,-1,-1
1634,67,15,SBS_ECALVTP7_ROCID,19,6,28,-1,-1,None,-1,-1
1635,67,16,SBS_ECALVTP7_ROCID,19,7,28,-1,-1,None,-1,-1
1636,67,17,SBS_ECALVTP7_ROCID,19,8,28,-1,-1,None,-1,-1
1637,67,18,SBS_ECALVTP7_ROCID,19,9,29,-1,-1,None,-1,-1
1638,68,1,SBS_ECALVTP7_ROCID,19,10,23,-1,-1,None,-1,-1
1639,68,2,SBS_ECALVTP7_ROCID,19,11,23,-1,-1,None,-1,-1
1640,68,3,SBS_ECALVTP7_ROCID,19,12,24,-1,-1,None,-1,-1
1641,68,4,SBS_ECALVTP7_ROCID,19,13,24,-1,-1,None,-1,-1
1642,68,5,SBS_ECALVTP7_ROCID,19,14,24,-1,-1,None,-1,-1
1643,68,6,SBS_ECALVTP7_ROCID,19,15,25,-1,-1,None,-1,-1
1644,68,7,SBS_ECALVTP7_ROCID,20,0,25,-1,-1,None,-1,-1
1645,68,8,SBS_ECALVTP7_ROCID,20,1,25,-1,-1,None,-1,-1
1646,68,9,SBS_ECALVTP7_ROCID,20,2,26,-1,-1,None,-1,-1
1647,68,10,SBS_ECALVTP7_ROCID,20,3,26,-1,-1,None,-1,-1
1648,68,11,SBS_ECALVTP7_ROCID,20,4,26,-1,-1,None,-1,-1
1649,68,12,SBS_ECALVTP7_ROCID,20,5,27,-1,-1,None,-1,-1
1650,68,13,SBS_ECALVTP7_ROCID,20,6,27,-1,-1,None,-1,-1
1651,68,14,SBS_ECALVTP7_ROCID,20,7,27,-1,-1,None,-1,-1
1652,68,15,SBS_ECALVTP7_ROCID,20,8,28,-1,-1,None,-1,-1
1653,68,16,SBS_ECALVTP7_ROCID,20,9,28,-1,-1,None,-1,-1
1654,68,17,SBS_ECALVTP7_ROCID,20,10,28,-1,-1,None,-1,-1
1655,68,18,SBS_ECALVTP7_ROCID,20,11,29,-1,-1,None,-1,-1
